;"Generated by FINAN XBRL Taxonomy Viewer v4.3.24"
;"Taxonomy: BT11(FrcRptWoz2016)"

"Sort";"ID";"Level";"Label en";"Label nl";"Label de";"Label fr";"PreferredLabelRole";"ElementName";"NamespaceAlias";"FinanVarName";"Url";"SubstitutionGroup";"UseCount";"IsTuple";"IsTupleKey";"IsInThisTuple";"TupleDepth";"TupleInstanceOrder";"MinTupleInstances";"MaxTupleInstances";"ElementType";"ShortElementType";"BaseType";"DataType (FMT4)";"InputRequired";"Pattern";"Enumeration";"FractionDigits";"TotalDigits";"Length";"MinLength";"MaxLength";"MinInclusive";"MaxInclusive";"MinExclusive";"MaxExclusive";"PeriodType";"Balance";"Abstract";"Nillable";"Documentation en";"Documentation nl";"Documentation de";"Documentation fr";"Ddef.Guidance en";"Ddef.Guidance nl";"Ddef.Guidance de";"Ddef.Guidance fr";"References"
1;"frc-abstr:ReportTitle";1;"Report";"Rapportage";"Rapportage";"Rapportage";"";"ReportTitle";"frc-abstr";"ReportTitle";"https://www.sbrbanken.nl/bt11/frc/20161209/presentation/frc-abstracts#ReportTitle";"sbr:presentationItem";1;0;0;;"0";"0";"0";"0";"xbrli:stringItemType";"string";"xbrli:stringItemType";"Abstract";"0";;;;;;;;;;;;"Duration";"None";1;0;"";"";"";"";"";"";"";"";""
2;"frc-abstr:DocumentEntityInformationBanksTitle";2;"   Document and entity information [title]";"   Informatie over de rapportage en de rechtspersoon [titel]";"   Informatie over de rapportage en de rechtspersoon [titel]";"   Informatie over de rapportage en de rechtspersoon [titel]";"";"DocumentEntityInformationBanksTitle";"frc-abstr";"DocumentEntityInformationBanksTitle";"https://www.sbrbanken.nl/bt11/frc/20161209/presentation/frc-abstracts#DocumentEntityInformationBanksTitle";"sbr:presentationItem";1;0;0;;"0";"0";"0";"0";"xbrli:stringItemType";"string";"xbrli:stringItemType";"Abstract";"0";;;;;;;;;;;;"Duration";"None";1;0;"";"";"";"";"";"";"";"";""
3;"frc-abstr:EntityInformationBanksTitle";3;"      Entity information [title]";"      Informatie over de rechtspersoon [titel]";"      Informatie over de rechtspersoon [titel]";"      Informatie over de rechtspersoon [titel]";"";"EntityInformationBanksTitle";"frc-abstr";"EntityInformationBanksTitle";"https://www.sbrbanken.nl/bt11/frc/20161209/presentation/frc-abstracts#EntityInformationBanksTitle";"sbr:presentationItem";1;0;0;;"0";"0";"0";"0";"xbrli:stringItemType";"string";"xbrli:stringItemType";"Abstract";"0";;;;;;;;;;;;"Duration";"None";1;0;"";"";"";"";"";"";"";"";""
4;"frc-lr:EntityInformation";4;"         Information about the entity";"         Informatie over de rechtspersoon";"         Informatie over de rechtspersoon";"         Informatie over de rechtspersoon";"";"EntityInformation";"frc-lr";"EntityInformation";"https://www.sbrbanken.nl/bt11/frc/20161209/dictionary/frc-linkroles#EntityInformation";"";1;0;0;;"0";"0";"0";"0";"";"";"";"Abstract";"0";;;;;;;;;;;;"Other";"None";1;0;"";"";"";"";"";"";"";"";""
5;"venj-bw2-i:ChamberOfCommerceRegistrationNumber";5;"            Registration number at the Chamber of Commerce";"            Registratienummer bij de Kamer van Koophandel";"            Registrierungsnummer bei der Handelskammer";"            Numéro d'enregistrement à la Chambre du commerce";"";"ChamberOfCommerceRegistrationNumber";"venj-bw2-i";"ChamberOfCommerceRegistrationNumber";"http://www.nltaxonomie.nl/nt11/venj/20161214/dictionary/venj-bw2-data#ChamberOfCommerceRegistrationNumber";"xbrli:item";1;0;0;;"0";"0";"0";"0";"venj-types:chamberOfCommerceRegistrationNumberItemType";"chamberOfCommerceRegistrationNumber";"xbrli:stringItemType";"String";"0";"([1-9][0-9]{7})|([0-9][1-9][0-9]{6})";"";"";"";"8";"";"";"";"";"";"";"Duration";"None";0;0;"";"Het registratienummer bij de kamer van koophandel.";"";"";"";"";"";"";"Article: 380b, IssueDate: 2016-01-01, Name: Burgerlijk wetboek boek 2, Paragraph: d|Chapter: 300, IssueDate: 2016-01-01, Name: Richtlijnen voor de jaarverslaggeving, Paragraph: 104a|Chapter: C1, IssueDate: 2016-01-01, Name: Richtlijnen voor de jaarverslaggeving voor kleine rechtspersonen, Paragraph: 303a"
6;"venj-bw2-i:LegalEntityName";5;"            Name of the legal entity";"            Naam van de rechtspersoon";"            Name der Körperschaft";"            Nom de l'entité juridique";"";"LegalEntityName";"venj-bw2-i";"LegalEntityName";"http://www.nltaxonomie.nl/nt11/venj/20161214/dictionary/venj-bw2-data#LegalEntityName";"xbrli:item";1;0;0;;"0";"0";"0";"0";"nl-types:string100000ItemType";"string100000";"xbrli:stringItemType";"String";"0";"";"";"";"";"";"1";"100000";"";"";"";"";"Duration";"None";0;0;"";"De statutaire naam van de rechtspersoon.";"";"";"";"";"";"";"Article: 380b, IssueDate: 2016-01-01, Name: Burgerlijk wetboek boek 2, Paragraph: a|Chapter: 110, IssueDate: 2016-01-01, Name: Richtlijnen voor de jaarverslaggeving, Paragraph: 103, Subparagraph: a|Chapter: 300, IssueDate: 2016-01-01, Name: Richtlijnen voor de jaarverslaggeving, Paragraph: 104a|Chapter: 640, IssueDate: 2016-01-01, Name: Richtlijnen voor de jaarverslaggeving, Paragraph: 401a|Chapter: 650, IssueDate: 2016-01-01, Name: Richtlijnen voor de jaarverslaggeving, Paragraph: 436|Chapter: A1, IssueDate: 2016-01-01, Name: Richtlijnen voor de jaarverslaggeving voor kleine rechtspersonen, Paragraph: 306|Chapter: B18, IssueDate: 2016-01-01, Name: Richtlijnen voor de jaarverslaggeving voor kleine rechtspersonen, Paragraph: 104, Subparagraph: a|Chapter: C1, IssueDate: 2016-01-01, Name: Richtlijnen voor de jaarverslaggeving voor kleine rechtspersonen, Paragraph: 303a"
7;"rj-i:BusinessNames";5;"            Business names";"            Handelsnamen";"            Handelsnamen";"            Handelsnamen";"";"BusinessNames";"rj-i";"BusinessNames";"http://www.nltaxonomie.nl/nt11/rj/20161214/dictionary/rj-data#BusinessNames";"xbrli:item";1;0;0;;"0";"0";"0";"0";"nl-types:string100000ItemType";"string100000";"xbrli:stringItemType";"String";"0";"";"";"";"";"";"1";"100000";"";"";"";"";"Duration";"None";0;0;"";"De vermelding van de verschillende handelsnamen waaronder de rechtspersoon opereert.";"";"";"";"";"";"";"Chapter: 110, IssueDate: 2016-01-01, Name: Richtlijnen voor de jaarverslaggeving, Paragraph: 103, Subparagraph: a"
8;"nl-cd:HouseNumberNL";5;"            House number";"            Huisnummer";"            Huisnummer";"            Huisnummer";"";"HouseNumberNL";"nl-cd";"HouseNumberNL";"http://www.nltaxonomie.nl/nt11/sbr/20160610/dictionary/nl-common-data#HouseNumberNL";"xbrli:item";1;0;0;;"0";"0";"0";"0";"nl-types:nonNegative20ItemType";"nonNegative20";"xbrli:stringItemType";"String";"0";"([0-9]{1,20})";"";"";"";"";"";"";"";"";"";"";"Duration";"None";0;0;"The numeric part of the object as designated by the municipality.";"De numerieke aanduiding zoals deze door de gemeente aan het object is toegekend.";"";"";"";"";"";"";"IssueDate: 2002, Name: NEN5825"
9;"nl-cd:HouseNumberAddition";5;"            House number addition";"            Huisnummer toevoeging";"            Huisnummer toevoeging";"            Huisnummer toevoeging";"";"HouseNumberAddition";"nl-cd";"HouseNumberAddition";"http://www.nltaxonomie.nl/nt11/sbr/20160610/dictionary/nl-common-data#HouseNumberAddition";"xbrli:item";1;0;0;;"0";"0";"0";"0";"nl-types:string1000ItemType";"string1000";"xbrli:stringItemType";"String";"0";"";"";"";"";"";"1";"1000";"";"";"";"";"Duration";"None";0;0;"The house number addition as designated by the municipality.";"De huisnummertoevoeging zoals deze door de gemeente aan het object is toegekend.";"";"";"";"";"";"";"IssueDate: 2002, Name: NEN5825"
10;"nl-cd:PostalCodeNL";5;"            Postal code NL";"            Postcode NL";"            Postcode NL";"            Postcode NL";"";"PostalCodeNL";"nl-cd";"PostalCodeNL";"http://www.nltaxonomie.nl/nt11/sbr/20160610/dictionary/nl-common-data#PostalCodeNL";"xbrli:item";1;0;0;;"0";"0";"0";"0";"nl-types:nlzipItemType";"nlzip";"xbrli:stringItemType";"String";"0";"([1-9]{1}[0-9]{3}[A-Z]{2})";"";"";"";"";"";"";"";"";"";"";"Duration";"None";0;0;"The official coding of PostNL for a Dutch postal address, consisting of a numeric part and an alphabetic part.";"De officiële codering van PostNL voor een Nederlands postadres, bestaande uit een numeriek deel en een alfabetisch deel.";"";"";"";"";"";"";"IssueDate: 2002, Name: NEN5825|Article: 37, Name: Wet op de omzetbelasting 1968, Paragraph: a"
11;"nl-cd:PlaceOfResidenceNL";5;"            Place of residence NL";"            Woonplaats NL";"            Woonplaats NL";"            Woonplaats NL";"";"PlaceOfResidenceNL";"nl-cd";"PlaceOfResidenceNL";"http://www.nltaxonomie.nl/nt11/sbr/20160610/dictionary/nl-common-data#PlaceOfResidenceNL";"xbrli:item";1;0;0;;"0";"0";"0";"0";"nl-types:string1000ItemType";"string1000";"xbrli:stringItemType";"String";"0";"";"";"";"";"";"1";"1000";"";"";"";"";"Duration";"None";0;0;"The official municipality name as designated by the municipality.";"De officiële door de gemeente vastgestelde gemeentenaam.";"";"";"";"";"";"";"Name: LO3.9, Page: 253, Publisher: Gemeentelijke basisadministratie|IssueDate: 2002, Name: NEN5825|Article: 37, Name: Wet op de omzetbelasting 1968, Paragraph: a"
12;"frc-abstr:DocumentInformationBanksTitle";3;"      Document information [title]";"      Informatie over de rapportage [titel]";"      Informatie over de rapportage [titel]";"      Informatie over de rapportage [titel]";"";"DocumentInformationBanksTitle";"frc-abstr";"DocumentInformationBanksTitle";"https://www.sbrbanken.nl/bt11/frc/20161209/presentation/frc-abstracts#DocumentInformationBanksTitle";"sbr:presentationItem";1;0;0;;"0";"0";"0";"0";"xbrli:stringItemType";"string";"xbrli:stringItemType";"Abstract";"0";;;;;;;;;;;;"Duration";"None";1;0;"";"";"";"";"";"";"";"";""
13;"frc-lr:DocumentEntityInformation";4;"         Information required for filing the document with the bank";"         Informatie ten behoeve van het deponeren van de rapportage bij de bank";"         Informatie ten behoeve van het deponeren van de rapportage bij de bank";"         Informatie ten behoeve van het deponeren van de rapportage bij de bank";"";"DocumentEntityInformation";"frc-lr";"DocumentEntityInformation";"https://www.sbrbanken.nl/bt11/frc/20161209/dictionary/frc-linkroles#DocumentEntityInformation";"";1;0;0;;"0";"0";"0";"0";"";"";"";"Abstract";"0";;;;;;;;;;;;"Other";"None";1;0;"";"";"";"";"";"";"";"";""
14;"frc-i:ReasonDelivery";5;"            Reason delivery";"            Reden levering";"            Reden levering";"            Reden levering";"";"ReasonDelivery";"frc-i";"ReasonDelivery";"https://www.sbrbanken.nl/bt11/frc/20161209/dictionary/frc-data#ReasonDelivery";"xbrli:item";1;0;0;;"0";"0";"0";"0";"frc-codes:reasonDeliveryItemType";"reasonDelivery";"xbrli:stringItemType";"Enumeration";"0";"";"Bijzonder beheer|Juridische omzetting|Kredietwijziging|Nieuwe aanvraag|Overige redenen voor aflevering|Revisie";"";"";"";"";"";"";"";"";"";"Duration";"None";0;0;"";"De reden waarom de kredietrapportage wordt aangeleverd.";"";"";"";"De reden waarom de kredietrapportage wordt aangeleverd.";"";"";""
15;"venj-bw2-i:FinancialReportingPeriodCurrentStartDate";5;"            Start date of current financial reporting period";"            Startdatum van de huidige financiële rapportageperiode";"            Anfangsdatum des aktuellen Berichtszeitraums";"            Date de début de la période actuelle de rapport financier";"";"FinancialReportingPeriodCurrentStartDate";"venj-bw2-i";"FinancialReportingPeriodCurrentStartDate";"http://www.nltaxonomie.nl/nt11/venj/20161214/dictionary/venj-bw2-data#FinancialReportingPeriodCurrentStartDate";"xbrli:item";1;0;0;;"0";"0";"0";"0";"xbrli:dateItemType";"date";"xbrli:dateItemType";"Date";"0";;;;;;;;;;;;"Duration";"None";0;0;"";"De startdatum van de huidige financiële rapportageperiode.";"";"";"";"";"";"";"Article: 3, IssueDate: 2015-01-01, Name: Besluit modellen jaarrekening|Article: 363, IssueDate: 2016-01-01, Name: Burgerlijk wetboek boek 2, Paragraph: 3|Chapter: 110, IssueDate: 2016-01-01, Name: Richtlijnen voor de jaarverslaggeving, Paragraph: 103, Subparagraph: c|Chapter: 110, IssueDate: 2016-01-01, Name: Richtlijnen voor de jaarverslaggeving, Paragraph: 103|Chapter: A1, IssueDate: 2016-01-01, Name: Richtlijnen voor de jaarverslaggeving voor kleine rechtspersonen, Paragraph: 306"
16;"venj-bw2-i:FinancialReportingPeriodCurrentEndDate";5;"            End date of current financial reporting period";"            Einddatum van de huidige financiële rapportageperiode";"            Enddatum des aktuellen Berichtszeitraums";"            Date de fin de la période actuelle de rapport financier";"";"FinancialReportingPeriodCurrentEndDate";"venj-bw2-i";"FinancialReportingPeriodCurrentEndDate";"http://www.nltaxonomie.nl/nt11/venj/20161214/dictionary/venj-bw2-data#FinancialReportingPeriodCurrentEndDate";"xbrli:item";1;0;0;;"0";"0";"0";"0";"xbrli:dateItemType";"date";"xbrli:dateItemType";"Date";"0";;;;;;;;;;;;"Duration";"None";0;0;"";"De einddatum van de huidige financiële rapportageperiode.";"";"";"";"";"";"";"Article: 3, IssueDate: 2015-01-01, Name: Besluit modellen jaarrekening|Article: 363, IssueDate: 2016-01-01, Name: Burgerlijk wetboek boek 2, Paragraph: 2|Article: 363, IssueDate: 2016-01-01, Name: Burgerlijk wetboek boek 2, Paragraph: 3|Chapter: 110, IssueDate: 2016-01-01, Name: Richtlijnen voor de jaarverslaggeving, Paragraph: 103, Subparagraph: c|Chapter: A1, IssueDate: 2016-01-01, Name: Richtlijnen voor de jaarverslaggeving voor kleine rechtspersonen, Paragraph: 306"
17;"venj-bw2-i:FinancialReportingPeriodPreviousStartDate";5;"            Start date of previous financial reporting period";"            Startdatum van de voorgaande financiële rapportageperiode";"            Anfangsdatum des vorherigen Berichtszeitraums";"            Date de début de la période précédente de rapport financier";"";"FinancialReportingPeriodPreviousStartDate";"venj-bw2-i";"FinancialReportingPeriodPreviousStartDate";"http://www.nltaxonomie.nl/nt11/venj/20161214/dictionary/venj-bw2-data#FinancialReportingPeriodPreviousStartDate";"xbrli:item";1;0;0;;"0";"0";"0";"0";"xbrli:dateItemType";"date";"xbrli:dateItemType";"Date";"0";;;;;;;;;;;;"Duration";"None";0;0;"";"De startdatum van de voorgaande financiële rapportageperiode.";"";"";"";"";"";"";"Article: 3, IssueDate: 2015-01-01, Name: Besluit modellen jaarrekening|Article: 363, IssueDate: 2016-01-01, Name: Burgerlijk wetboek boek 2, Paragraph: 5|Chapter: A1, IssueDate: 2016-01-01, Name: Richtlijnen voor de jaarverslaggeving voor kleine rechtspersonen, Paragraph: 310|Chapter: C2, IssueDate: 2016-01-01, Name: Richtlijnen voor de jaarverslaggeving voor kleine rechtspersonen, Paragraph: 202"
18;"venj-bw2-i:FinancialReportingPeriodPreviousEndDate";5;"            End date of previous financial reporting period";"            Einddatum van de voorgaande financiële rapportageperiode";"            Enddatum des vorherigen Berichtszeitraums";"            Date de fin de la période précédente de rapport financier";"";"FinancialReportingPeriodPreviousEndDate";"venj-bw2-i";"FinancialReportingPeriodPreviousEndDate";"http://www.nltaxonomie.nl/nt11/venj/20161214/dictionary/venj-bw2-data#FinancialReportingPeriodPreviousEndDate";"xbrli:item";1;0;0;;"0";"0";"0";"0";"xbrli:dateItemType";"date";"xbrli:dateItemType";"Date";"0";;;;;;;;;;;;"Duration";"None";0;0;"";"De einddatum van de voorgaande financiële rapportageperiode.";"";"";"";"";"";"";"Article: 3, IssueDate: 2015-01-01, Name: Besluit modellen jaarrekening|Article: 363, IssueDate: 2016-01-01, Name: Burgerlijk wetboek boek 2, Paragraph: 5|Chapter: A1, IssueDate: 2016-01-01, Name: Richtlijnen voor de jaarverslaggeving voor kleine rechtspersonen, Paragraph: 310|Chapter: C2, IssueDate: 2016-01-01, Name: Richtlijnen voor de jaarverslaggeving voor kleine rechtspersonen, Paragraph: 202"
19;"venj-bw2-i:BasisOfPreparation";5;"            Basis of preparation";"            Type grondslag";"            Grundlage der Erstellung";"            Base de préparation";"";"BasisOfPreparation";"venj-bw2-i";"BasisOfPreparation";"http://www.nltaxonomie.nl/nt11/venj/20161214/dictionary/venj-bw2-data#BasisOfPreparation";"xbrli:item";1;0;0;;"0";"0";"0";"0";"venj-codes:basisOfPreparationItemType";"basisOfPreparation";"xbrli:stringItemType";"Enumeration";"0";"";"Commercieel|Fiscaal";"";"";"";"";"";"";"";"";"";"Duration";"None";0;0;"";"De benoeming van de toepassing van de commerciële of fiscale grondslagen voor het opstellen van de jaarrekening.";"";"";"";"";"";"";"Article: 396, IssueDate: 2016-01-01, Name: Burgerlijk wetboek boek 2, Paragraph: 6|Chapter: D3, IssueDate: 2016-01-01, Name: Richtlijnen voor de jaarverslaggeving voor kleine rechtspersonen, Paragraph: 101|Chapter: A1, IssueDate: 2016-01-01, Name: Richtlijnen voor de jaarverslaggeving voor kleine rechtspersonen, Paragraph: 102a|Chapter: C2, IssueDate: 2016-01-01, Name: Richtlijnen voor de jaarverslaggeving voor kleine rechtspersonen, Paragraph: 104|Chapter: D3, IssueDate: 2016-01-01, Name: Richtlijnen voor de jaarverslaggeving voor kleine rechtspersonen, Paragraph: 309"
20;"rj-i:DocumentPresentationCurrency";5;"            Presentation currency of the document";"            Rapporteringsvaluta van het document";"            Rapporteringsvaluta van het document";"            Rapporteringsvaluta van het document";"";"DocumentPresentationCurrency";"rj-i";"DocumentPresentationCurrency";"http://www.nltaxonomie.nl/nt11/rj/20161214/dictionary/rj-data#DocumentPresentationCurrency";"xbrli:item";1;0;0;;"0";"0";"0";"0";"iso4217-enum-sbr:isoCurrencyCodes4217ItemType";"isoCurrencyCodes4217";"xbrli:stringItemType";"Enumeration";"0";"";"AED|AFN|ALL|AMD|ANG|AOA|ARS|AUD|AWG|AZN|BAM|BBD|BDT|BGN|BHD|BIF|BMD|BND|BOB|BOV|BRL|BSD|BTN|BWP|BYR|BZD|CAD|CDF|CHE|CHF|CHW|CLF|CLP|CNY|COP|COU|CRC|CUC|CUP|CVE|CZK|DJF|DKK|DOP|DZD|EGP|ERN|ETB|EUR|FJD|FKP|GBP|GEL|GHS|GIP|GMD|GNF|GTQ|GYD|HKD|HNL|HRK|HTG|HUF|IDR|ILS|INR|IQD|IRR|ISK|JMD|JOD|JPY|KES|KGS|KHR|KMF|KPW|KRW|KWD|KYD|KZT|LAK|LBP|LKR|LRD|LSL|LTL|LYD|MAD|MDL|MGA|MKD|MMK|MNT|MOP|MRO|MUR|MVR|MWK|MXN|MXV|MYR|MZN|NAD|NGN|NIO|NOK|NPR|NZD|OMR|PAB|PEN|PGK|PHP|PKR|PLN|PYG|QAR|RON|RSD|RUB|RWF|SAR|SBD|SCR|SDG|SEK|SGD|SHP|SLL|SOS|SRD|SSP|STD|SYP|SZL|THB|TJS|TMT|TND|TOP|TRY|TTD|TWD|TZS|UAH|UGX|USD|USN|UYI|UYU|UZS|VEF|VND|VUV|WST|XAF|XAG|XAU|XBA|XBB|XBC|XBD|XCD|XDR|XFU|XOF|XPD|XPF|XPT|XSU|XTS|XUA|XXX|YER|ZAR|ZMW";"";"";"";"";"";"";"";"";"";"Duration";"None";0;0;"";"De valuta waarin de financiële informatie in het document wordt gepresenteerd.";"";"";"";"";"";"";"Chapter: 110, IssueDate: 2016-01-01, Name: Richtlijnen voor de jaarverslaggeving, Paragraph: 103, Subparagraph: d|Chapter: A1, IssueDate: 2016-01-01, Name: Richtlijnen voor de jaarverslaggeving voor kleine rechtspersonen, Paragraph: 306"
21;"frc-abstr:BankInformationTitle";5;"            Bank information title";"            Bank informatie";"            Bank informatie";"            Bank informatie";"";"BankInformationTitle";"frc-abstr";"hc67_BankInformationTitle";"https://www.sbrbanken.nl/bt11/frc/20161209/presentation/frc-abstracts#BankInformationTitle";"sbr:presentationItem";2;0;0;;"0";"0";"0";"0";"xbrli:stringItemType";"string";"xbrli:stringItemType";"Abstract";"0";;;;;;;;;;;;"Duration";"None";1;0;"";"";"";"";"";"";"";"";""
22;"frc-i:DestinationBank";6;"               Destination bank";"               Bestemmende bank";"               Bestemmende bank";"               Bestemmende bank";"";"DestinationBank";"frc-i";"DestinationBank";"https://www.sbrbanken.nl/bt11/frc/20161209/dictionary/frc-data#DestinationBank";"xbrli:item";1;0;0;;"0";"0";"0";"0";"frc-codes:destinationBankItemType";"destinationBank";"xbrli:stringItemType";"Enumeration";"0";"";"ABN AMRO Bank|ING Bank|Overige|Rabobank";"";"";"";"";"";"";"";"";"";"Duration";"None";0;0;"";"De naam van de bank waarvoor de rapportage bestemd is.";"";"";"";"De naam van de bank waarvoor de rapportage bestemd is. Indien de rapportage bestemd is voor een bank waarvan de naam niet is opgenomen in de gespecificeerde lijst dan ""Overig"" invullen.";"";"";""
23;"nl-cd:DocumentCreationDate";5;"            Document creation date";"            Datum van opmaak van het document";"            Datum van opmaak van het document";"            Datum van opmaak van het document";"";"DocumentCreationDate";"nl-cd";"DocumentCreationDate";"http://www.nltaxonomie.nl/nt11/sbr/20160610/dictionary/nl-common-data#DocumentCreationDate";"xbrli:item";1;0;0;;"0";"0";"0";"0";"xbrli:dateItemType";"date";"xbrli:dateItemType";"Date";"0";;;;;;;;;;;;"Duration";"None";0;0;"The date of document formatting, according to ISO 8601 with the format: yyyy-mm-dd.";"De datum van opmaak van het document volgens ISO 8601 in het formaat: jjjj-mm-dd";"";"";"";"";"";"";""
24;"kvk-t:ContactForDocumentPresentation";5;"            Contact for this document";"            Contactpersoon voor deze rapportage";"            Contactpersoon voor deze rapportage";"            Contactpersoon voor deze rapportage";"";"ContactForDocumentPresentation";"kvk-t";"ContactForDocumentPresentation";"http://www.nltaxonomie.nl/nt11/kvk/20161214/dictionary/kvk-tuples#ContactForDocumentPresentation";"sbr:presentationTuple";1;1;0;;"0";"0";"1";"1";"";"";"";"Abstract";"0";;;;;;;;;;;;"Other";"None";0;0;"The intention of this tuple is to record the contact details of the contact for this document. This contact can be a person from the organisation itself or from its intermediary.";"Deze tuple is bedoeld voor het opnemen van de contactgegevens van de contactpersoon van deze rapportage. Deze contactpersoon kan van de organisatie zelf zijn of van haar intermediair.";"";"";"";"";"";"";""
25;"kvk-i:ContactType";6;"               Contact type";"               Soort contactpersoon";"               Soort contactpersoon";"               Soort contactpersoon";"";"ContactType";"kvk-i";"ContactType";"http://www.nltaxonomie.nl/nt11/kvk/20161214/dictionary/kvk-data#ContactType";"xbrli:item";1;0;0;"kvk-t:ContactForDocumentPresentation";"1";"0";"0";"0";"kvk-codes:contactItemType";"contact";"xbrli:stringItemType";"Enumeration";"0";"";"Intermediair|Ondernemer";"";"";"";"";"";"";"";"";"";"Duration";"None";0;0;"The purpose of this concept is to categorise the contact for this report into either ""Intermediary"" or ""Entrepreneur"".";"Dit concept dient voor het classificeren van de contactpersoon van deze rapportage in de categorie ""ondernemer"" of ""intermediair"".";"";"";"";"";"";"";""
26;"nl-cd:FirstName";6;"               First name";"               Voornamen";"               Voornamen";"               Voornamen";"";"FirstName";"nl-cd";"FirstName";"http://www.nltaxonomie.nl/nt11/sbr/20160610/dictionary/nl-common-data#FirstName";"xbrli:item";1;0;0;"kvk-t:ContactForDocumentPresentation";"1";"1";"0";"0";"nl-types:string1000ItemType";"string1000";"xbrli:stringItemType";"String";"0";"";"";"";"";"";"1";"1000";"";"";"";"";"Duration";"None";0;0;"The collection of names, separated by spaces, which precede the family name stripped of predicates.";"De verzameling namen die, gescheiden door spaties, aan de geslachtsnaam voorafgaat. Indien aanwezig, wordt het predikaat afgesplitst.";"";"";"";"";"";"";"Name: LO3.9, Page: 234, Publisher: Gemeentelijke basisadministratie"
27;"nl-cd:FamilyName";6;"               Family name";"               Geslachtsnaam";"               Geslachtsnaam";"               Geslachtsnaam";"";"FamilyName";"nl-cd";"FamilyName";"http://www.nltaxonomie.nl/nt11/sbr/20160610/dictionary/nl-common-data#FamilyName";"xbrli:item";1;0;0;"kvk-t:ContactForDocumentPresentation";"1";"2";"0";"0";"nl-types:string1000ItemType";"string1000";"xbrli:stringItemType";"String";"0";"";"";"";"";"";"1";"1000";"";"";"";"";"Duration";"None";0;0;"The family name stripped of any prefixes and noble titles/predicates.";"De (geslachts)naam waarvan de eventueel aanwezige voorvoegsels en adellijke titel/predikaat zijn afgesplitst.";"";"";"";"";"";"";"Name: LO3.9, Page: 237, Publisher: Gemeentelijke basisadministratie"
28;"kvk-i:OrganisationName";6;"               Name of the organisation represented by the contact";"               Naam van de organisatie vertegenwoordigd door de contactpersoon";"               Naam van de organisatie vertegenwoordigd door de contactpersoon";"               Naam van de organisatie vertegenwoordigd door de contactpersoon";"";"OrganisationName";"kvk-i";"OrganisationName";"http://www.nltaxonomie.nl/nt11/kvk/20161214/dictionary/kvk-data#OrganisationName";"xbrli:item";1;0;0;"kvk-t:ContactForDocumentPresentation";"1";"3";"0";"0";"nl-types:string1000ItemType";"string1000";"xbrli:stringItemType";"String";"0";"";"";"";"";"";"1";"1000";"";"";"";"";"Duration";"None";0;0;"The name of the organisation to which the contactperson belongs.";"De naam van de organisatie waartoe de contactpersoon behoort.";"";"";"";"";"";"";""
29;"nl-cd:TelephoneNumber";6;"               Telephone number";"               Telefoonnummer";"               Telefoonnummer";"               Telefoonnummer";"";"TelephoneNumber";"nl-cd";"TelephoneNumber";"http://www.nltaxonomie.nl/nt11/sbr/20160610/dictionary/nl-common-data#TelephoneNumber";"xbrli:item";1;0;0;"kvk-t:ContactForDocumentPresentation";"1";"4";"0";"0";"nl-types:string1000ItemType";"string1000";"xbrli:stringItemType";"String";"0";"";"";"";"";"";"1";"1000";"";"";"";"";"Duration";"None";0;0;"The number on which a person or organisation can be reached by telephone, consisting of an area code and a subscriber number.";"Het nummer waaronder een persoon of organisatie telefonisch te bereiken is, bestaande uit een netnummer en een abonneenummer.";"";"";"";"";"";"";"IssueDate: 2002, Name: NEN5825|Article: 37, Name: Wet op de omzetbelasting 1968, Paragraph: a"
30;"nl-cd:EmailAddressFull";6;"               Email address, full";"               E-mailadres, volledig";"               E-mailadres, volledig";"               E-mailadres, volledig";"";"EmailAddressFull";"nl-cd";"EmailAddressFull";"http://www.nltaxonomie.nl/nt11/sbr/20160610/dictionary/nl-common-data#EmailAddressFull";"xbrli:item";1;0;0;"kvk-t:ContactForDocumentPresentation";"1";"5";"0";"0";"nl-types:emailItemType";"email";"xbrli:stringItemType";"String";"0";"[^@]+@[^@]+";"";"";"";"";"6";"254";"";"";"";"";"Duration";"None";0;0;"The address with which the person or organisation is contacted through the internet electronic mail.";"Het adres waaronder een persoon of organisatie via het internet per elektronische post te bereiken is.";"";"";"";"";"";"";"IssueDate: 2002, Name: NEN5825"
31;"frc-abstr:IntermediaryTitle";3;"      Intermediary title";"      Intermediair";"      Intermediair";"      Intermediair";"";"IntermediaryTitle";"frc-abstr";"IntermediaryTitle";"https://www.sbrbanken.nl/bt11/frc/20161209/presentation/frc-abstracts#IntermediaryTitle";"sbr:presentationItem";1;0;0;;"0";"0";"0";"0";"xbrli:stringItemType";"string";"xbrli:stringItemType";"Abstract";"0";;;;;;;;;;;;"Duration";"None";1;0;"";"";"";"";"";"";"";"";""
32;"frc-lr:IntermediaryInformation";4;"         Information about the intermediary";"         Informatie over de intermediair";"         Informatie over de intermediair";"         Informatie over de intermediair";"";"IntermediaryInformation";"frc-lr";"IntermediaryInformation";"https://www.sbrbanken.nl/bt11/frc/20161209/dictionary/frc-linkroles#IntermediaryInformation";"";1;0;0;;"0";"0";"0";"0";"";"";"";"Abstract";"0";;;;;;;;;;;;"Other";"None";1;0;"";"";"";"";"";"";"";"";""
33;"frc-i:NameIntermediary";5;"            Name intermediary";"            Naam intermediair";"            Naam intermediair";"            Naam intermediair";"";"NameIntermediary";"frc-i";"NameIntermediary";"https://www.sbrbanken.nl/bt11/frc/20161209/dictionary/frc-data#NameIntermediary";"xbrli:item";1;0;0;;"0";"0";"0";"0";"xbrli:stringItemType";"string";"xbrli:stringItemType";"String";"0";;;;;;;;;;;;"Duration";"None";0;0;"";"Naam kantoor intermediair.";"";"";"";"Naam van het kantoor van de financiële intermediair (accountant, fiscalist, boekhoudkantoor).";"";"";""
34;"frc-i:DomicileIntermediary";5;"            Domicile intermediary";"            Vestigingsplaats intermediair";"            Vestigingsplaats intermediair";"            Vestigingsplaats intermediair";"";"DomicileIntermediary";"frc-i";"DomicileIntermediary";"https://www.sbrbanken.nl/bt11/frc/20161209/dictionary/frc-data#DomicileIntermediary";"xbrli:item";1;0;0;;"0";"0";"0";"0";"xbrli:stringItemType";"string";"xbrli:stringItemType";"String";"0";;;;;;;;;;;;"Duration";"None";0;0;"";"Vestigingsplaats intermediair.";"";"";"";"De vestigingsplaats van de financiële intermediair (accountant, fiscalist, boekhoudkantoor).";"";"";""
35;"frc-i:NameCompiler";5;"            Name compiler";"            Naam opsteller";"            Naam opsteller";"            Naam opsteller";"";"NameCompiler";"frc-i";"NameCompiler";"https://www.sbrbanken.nl/bt11/frc/20161209/dictionary/frc-data#NameCompiler";"xbrli:item";1;0;0;;"0";"0";"0";"0";"xbrli:stringItemType";"string";"xbrli:stringItemType";"String";"0";;;;;;;;;;;;"Duration";"None";0;0;"";"De naam van de opsteller (natuurlijk persoon) met toevoeging van (relevante) titels.";"";"";"";"De naam van de opsteller (natuurlijk persoon) van de rapportage met toevoeging van (relevante) titels.";"";"";""
36;"frc-i:EmailAddressIntermediary";5;"            Email address intermediary";"            E-mailadres intermediair";"            E-mailadres intermediair";"            E-mailadres intermediair";"";"EmailAddressIntermediary";"frc-i";"EmailAddressIntermediary";"https://www.sbrbanken.nl/bt11/frc/20161209/dictionary/frc-data#EmailAddressIntermediary";"xbrli:item";1;0;0;;"0";"0";"0";"0";"xbrli:stringItemType";"string";"xbrli:stringItemType";"String";"0";;;;;;;;;;;;"Duration";"None";0;0;"";"Het e-mailadres van de intermediair.";"";"";"";"Het e-mailadres van de financiële intermediair.";"";"";""
37;"frc-abstr:BankInformationTitle";3;"      Bank information title";"      Bank informatie";"      Bank informatie";"      Bank informatie";"";"BankInformationTitle";"frc-abstr";"BankInformationTitle";"https://www.sbrbanken.nl/bt11/frc/20161209/presentation/frc-abstracts#BankInformationTitle";"sbr:presentationItem";2;0;0;;"0";"0";"0";"0";"xbrli:stringItemType";"string";"xbrli:stringItemType";"Abstract";"0";;;;;;;;;;;;"Duration";"None";1;0;"";"";"";"";"";"";"";"";""
38;"frc-lr:BankAccountsSpecification";4;"         Bank accounts specification";"         Zakelijke bankrekening gegevens specificatie";"         Zakelijke bankrekening gegevens specificatie";"         Zakelijke bankrekening gegevens specificatie";"";"BankAccountsSpecification";"frc-lr";"BankAccountsSpecification";"https://www.sbrbanken.nl/bt11/frc/20161209/dictionary/frc-linkroles#BankAccountsSpecification";"";1;0;0;;"0";"0";"0";"0";"";"";"";"Abstract";"0";;;;;;;;;;;;"Other";"None";1;0;"";"";"";"";"";"";"";"";""
39;"frc-dim:BankAccountSpecificationAxis";5;"            Bank accounts specification [axis]";"            Bankrekening gegevens specificatie [as]";"            Bankrekening gegevens specificatie [as]";"            Bankrekening gegevens specificatie [as]";"";"BankAccountSpecificationAxis";"frc-dim";"BankAccountSpecificationAxis";"https://www.sbrbanken.nl/bt11/frc/20161209/dictionary/frc-axes#BankAccountSpecificationAxis";"xbrldt:dimensionItem";1;1;0;;"0";"0";"0";"0";"xbrli:stringItemType";"string";"xbrli:stringItemType";"Abstract";"0";;;;;;;;;;;;"Duration";"None";1;0;"";"";"";"";"";"";"";"";""
40;"frc-dm:BankAccountSpecificationTypedMember";6;"               Bank accounts specification [typed member]";"               Bankrekening gegevens specificatie [typed member]";"               Bankrekening gegevens specificatie [typed member]";"               Bankrekening gegevens specificatie [typed member]";"";"BankAccountSpecificationTypedMember";"frc-dm";"BankAccountSpecificationTypedMember";"https://www.sbrbanken.nl/bt11/frc/20161209/dictionary/frc-domains#BankAccountSpecificationTypedMember";"";1;0;1;"frc-dim:BankAccountSpecificationAxis";"0";"0";"0";"0";"nl-types:string255";"string255";"nl-types:string255";"String";"1";;;;;;;;;;;;"Other";"None";0;0;"";"";"";"";"";"";"";"";""
41;"frc-i:BankName";6;"               Bank name";"               Naam bank";"               Naam bank";"               Naam bank";"";"BankName";"frc-i";"BankName";"https://www.sbrbanken.nl/bt11/frc/20161209/dictionary/frc-data#BankName";"xbrli:item";2;0;0;"frc-dim:BankAccountSpecificationAxis";"0";"0";"0";"0";"nl-types:string100000ItemType";"string100000";"xbrli:stringItemType";"String";"0";"";"";"";"";"";"1";"100000";"";"";"";"";"Duration";"None";0;0;"";"De naam van de bank.";"";"";"";"De naam van de bank.";"";"";""
42;"frc-lr:PrivateBankAccountsSpecification";4;"         Private bank accounts specification";"         Privé bankrekening gegevens specificatie";"         Privé bankrekening gegevens specificatie";"         Privé bankrekening gegevens specificatie";"";"PrivateBankAccountsSpecification";"frc-lr";"PrivateBankAccountsSpecification";"https://www.sbrbanken.nl/bt11/frc/20161209/dictionary/frc-linkroles#PrivateBankAccountsSpecification";"";1;0;0;;"0";"0";"0";"0";"";"";"";"Abstract";"0";;;;;;;;;;;;"Other";"None";1;0;"";"";"";"";"";"";"";"";""
43;"frc-dim:PrivateBankAccountSpecificationAxis";5;"            Private bank accounts specification [axis]";"            Privé bankrekening gegevens specificatie [as]";"            Privé bankrekening gegevens specificatie [as]";"            Privé bankrekening gegevens specificatie [as]";"";"PrivateBankAccountSpecificationAxis";"frc-dim";"PrivateBankAccountSpecificationAxis";"https://www.sbrbanken.nl/bt11/frc/20161209/dictionary/frc-axes#PrivateBankAccountSpecificationAxis";"xbrldt:dimensionItem";1;1;0;;"0";"0";"0";"0";"xbrli:stringItemType";"string";"xbrli:stringItemType";"Abstract";"0";;;;;;;;;;;;"Duration";"None";1;0;"";"";"";"";"";"";"";"";""
44;"frc-dm:PrivateBankAccountSpecificationTypedMember";6;"               Private bank accounts specification [typed member]";"               Privé bankrekening gegevens specificatie [typed member]";"               Privé bankrekening gegevens specificatie [typed member]";"               Privé bankrekening gegevens specificatie [typed member]";"";"PrivateBankAccountSpecificationTypedMember";"frc-dm";"PrivateBankAccountSpecificationTypedMember";"https://www.sbrbanken.nl/bt11/frc/20161209/dictionary/frc-domains#PrivateBankAccountSpecificationTypedMember";"";1;0;1;"frc-dim:PrivateBankAccountSpecificationAxis";"0";"0";"0";"0";"nl-types:string255";"string255";"nl-types:string255";"String";"1";;;;;;;;;;;;"Other";"None";0;0;"";"";"";"";"";"";"";"";""
45;"frc-i:BankName";6;"               Bank name";"               Naam bank";"               Naam bank";"               Naam bank";"";"BankName";"frc-i";"BankName";"https://www.sbrbanken.nl/bt11/frc/20161209/dictionary/frc-data#BankName";"xbrli:item";2;0;0;"frc-dim:PrivateBankAccountSpecificationAxis";"0";"0";"0";"0";"nl-types:string100000ItemType";"string100000";"xbrli:stringItemType";"String";"0";"";"";"";"";"";"1";"100000";"";"";"";"";"Duration";"None";0;0;"";"De naam van de bank.";"";"";"";"De naam van de bank.";"";"";""
46;"frc-abstr:ImmovablePropertyLawTitle";2;"   Immovable property law [Title]";"   WOZ [Titel]";"   WOZ [Titel]";"   WOZ [Titel]";"";"ImmovablePropertyLawTitle";"frc-abstr";"ImmovablePropertyLawTitle";"https://www.sbrbanken.nl/bt11/frc/20161209/presentation/frc-abstracts#ImmovablePropertyLawTitle";"sbr:presentationItem";1;0;0;;"0";"0";"0";"0";"xbrli:stringItemType";"string";"xbrli:stringItemType";"Abstract";"0";;;;;;;;;;;;"Duration";"None";1;0;"";"";"";"";"";"";"";"";""
47;"frc-lr:NotesBanksLandAndBuildingsSpecification";3;"      Notes to the financial statements - Land and buildings, specification";"      Toelichting op de jaarrekening - Bedrijfsgebouwen en -terreinen, specificatie";"      Toelichting op de jaarrekening - Bedrijfsgebouwen en -terreinen, specificatie";"      Toelichting op de jaarrekening - Bedrijfsgebouwen en -terreinen, specificatie";"";"NotesBanksLandAndBuildingsSpecification";"frc-lr";"NotesBanksLandAndBuildingsSpecification";"https://www.sbrbanken.nl/bt11/frc/20161209/dictionary/frc-linkroles#NotesBanksLandAndBuildingsSpecification";"";1;0;0;;"0";"0";"0";"0";"";"";"";"Abstract";"0";;;;;;;;;;;;"Other";"None";1;0;"";"";"";"";"";"";"";"";""
48;"frc-dim:LandAndBuildingsSpecificationAxis";4;"         Land and buildings, specification [axis]";"         Bedrijfsgebouwen en -terreinen, specificatie [as]";"         Bedrijfsgebouwen en -terreinen, specificatie [as]";"         Bedrijfsgebouwen en -terreinen, specificatie [as]";"";"LandAndBuildingsSpecificationAxis";"frc-dim";"LandAndBuildingsSpecificationAxis";"https://www.sbrbanken.nl/bt11/frc/20161209/dictionary/frc-axes#LandAndBuildingsSpecificationAxis";"xbrldt:dimensionItem";1;1;0;;"0";"0";"0";"0";"xbrli:stringItemType";"string";"xbrli:stringItemType";"Abstract";"0";;;;;;;;;;;;"Duration";"None";1;0;"";"";"";"";"";"";"";"";""
49;"frc-dm:RegistryNumberRegisterBoundGoodTypedMember";5;"            Registry number register bound good [typed member]";"            Registernummer [typed member]";"            Registernummer [typed member]";"            Registernummer [typed member]";"";"RegistryNumberRegisterBoundGoodTypedMember";"frc-dm";"RegistryNumberRegisterBoundGoodTypedMember";"https://www.sbrbanken.nl/bt11/frc/20161209/dictionary/frc-domains#RegistryNumberRegisterBoundGoodTypedMember";"";1;0;1;"frc-dim:LandAndBuildingsSpecificationAxis";"0";"0";"0";"0";"nl-types:string255";"string255";"nl-types:string255";"String";"1";;;;;;;;;;;;"Other";"None";0;0;"";"";"";"";"";"";"";"";""
50;"frc-i:PurchaseValueRegisterBoundGood";5;"            Purchase value register bound good";"            Aanschafwaarde registergoed";"            Aanschafwaarde registergoed";"            Aanschafwaarde registergoed";"";"PurchaseValueRegisterBoundGood";"frc-i";"PurchaseValueRegisterBoundGood";"https://www.sbrbanken.nl/bt11/frc/20161209/dictionary/frc-data#PurchaseValueRegisterBoundGood";"xbrli:item";1;0;0;"frc-dim:LandAndBuildingsSpecificationAxis";"0";"0";"0";"0";"nl-types:monetaryNoDecimalsItemType";"monetaryNoDecimals";"nl-types:monetary20ItemType";"Monetary";"0";"";"";"0";"";"";"";"";"";"";"";"";"Instant";"Debit";0;0;"";"De ondergrens van de aanschafwaarde van het registergoed bedraagt €10.000,-. Indien de aanschafwaarde niet bekend is per kadastrale nummer, dient dit toegelicht te worden.";"";"";"";"De waarde waarvoor een registergoed is aangeschaft. Alleen registergoederen met een aanschafwaarde van €10.000,- of meer behoeven hier te worden ingevuld. Indien de aanschafwaarde niet bekend is per kadastrale nummer, dient dit toegelicht te worden.";"";"";""
51;"frc-i:PurchaseYearRegisterBoundGood";5;"            Purchase year register bound good";"            Aanschafjaar registergoed";"            Aanschafjaar registergoed";"            Aanschafjaar registergoed";"";"PurchaseYearRegisterBoundGood";"frc-i";"PurchaseYearRegisterBoundGood";"https://www.sbrbanken.nl/bt11/frc/20161209/dictionary/frc-data#PurchaseYearRegisterBoundGood";"xbrli:item";1;0;0;"frc-dim:LandAndBuildingsSpecificationAxis";"0";"0";"0";"0";"xbrli:integerItemType";"integer";"xbrli:integerItemType";"Number";"0";;;;;;;;;;;;"Instant";"None";0;0;"";"Het aanschafjaar van het registergoed.";"";"";"";"Het aanschafjaar van het registergoed.";"";"";""
52;"frc-i:BuildingIndicator";5;"            Building indicator Y/N";"            Gebouw (eventueel inclusief terrein) J/N";"            Gebouw (eventueel inclusief terrein) J/N";"            Gebouw (eventueel inclusief terrein) J/N";"";"BuildingIndicator";"frc-i";"BuildingIndicator";"https://www.sbrbanken.nl/bt11/frc/20161209/dictionary/frc-data#BuildingIndicator";"xbrli:item";1;0;0;"frc-dim:LandAndBuildingsSpecificationAxis";"0";"0";"0";"0";"nl-codes:yesNoItemType";"yesNo";"xbrli:stringItemType";"Enumeration";"0";"";"Ja|Nee";"";"";"";"";"";"";"";"";"";"Instant";"None";0;0;"";"Indicatie of het alhier gespecificeerde registergoed een gebouw is, indien gebouw (eventueel inclusief terrein) dan is de WOZ-waarde verplicht.";"";"";"";"Indicatie of het alhier gespecificeerde registergoed een gebouw is, indien gebouw (eventueel inclusief terrein) dan is de WOZ-waarde verplicht.";"";"";""
53;"frc-i:ValuePurposesValuationOfImmovablePropertyActRegisterBoundGood";5;"            Value purposes valuation of immovable property act register bound good";"            WOZ-waarde registergoed";"            WOZ-waarde registergoed";"            WOZ-waarde registergoed";"";"ValuePurposesValuationOfImmovablePropertyActRegisterBoundGood";"frc-i";"ValuePurposesValuationOfImmovablePropertyActRegisterBoundGood";"https://www.sbrbanken.nl/bt11/frc/20161209/dictionary/frc-data#ValuePurposesValuationOfImmovablePropertyActRegisterBoundGood";"xbrli:item";1;0;0;"frc-dim:LandAndBuildingsSpecificationAxis";"0";"0";"0";"0";"nl-types:monetaryNoDecimalsItemType";"monetaryNoDecimals";"nl-types:monetary20ItemType";"Monetary";"0";"";"";"0";"";"";"";"";"";"";"";"";"Instant";"Debit";0;0;"";"Waarde van het registergoed zoals het bij het register is geregistreerd. Indien WOZ waarde geen betrekking heeft op kadastrale nummer, dient dit toegelicht te worden. Indien het woonhuis niet tot het zakelijk vermogen gerekend wordt, moet dit worden toegelicht.";"";"";"";"De waarde van een onroerende zaak op de laatste peildatum zoals deze in het kader van de Wet Waardering Onroerende Zaken (WOZ) wordt bepaald (Artikel 18, lid 2 van de Wet WOZ).";"";"";""
54;"frc-i:DateOfAdoptionForValueOfImmovablePropertyActRegisterBoundGood";5;"            Date of adoption for value of immovable property act register bound good";"            Datum vaststelling WOZ-waarde registergoed";"            Datum vaststelling WOZ-waarde registergoed";"            Datum vaststelling WOZ-waarde registergoed";"";"DateOfAdoptionForValueOfImmovablePropertyActRegisterBoundGood";"frc-i";"DateOfAdoptionForValueOfImmovablePropertyActRegisterBoundGood";"https://www.sbrbanken.nl/bt11/frc/20161209/dictionary/frc-data#DateOfAdoptionForValueOfImmovablePropertyActRegisterBoundGood";"xbrli:item";1;0;0;"frc-dim:LandAndBuildingsSpecificationAxis";"0";"0";"0";"0";"xbrli:dateItemType";"date";"xbrli:dateItemType";"Date";"0";;;;;;;;;;;;"Instant";"None";0;0;"";"De datum waarop de WOZ-waarde van het registergoed is vastgesteld.";"";"";"";"De datum waarop de WOZ-waarde van het registergoed is vastgesteld.";"";"";""
55;"frc-i:BalanceSheetValueRegisterBoundGood";5;"            Balance sheet value register bound good";"            Boekwaarde registergoed";"            Boekwaarde registergoed";"            Boekwaarde registergoed";"";"BalanceSheetValueRegisterBoundGood";"frc-i";"BalanceSheetValueRegisterBoundGood";"https://www.sbrbanken.nl/bt11/frc/20161209/dictionary/frc-data#BalanceSheetValueRegisterBoundGood";"xbrli:item";1;0;0;"frc-dim:LandAndBuildingsSpecificationAxis";"0";"0";"0";"0";"nl-types:monetaryNoDecimalsItemType";"monetaryNoDecimals";"nl-types:monetary20ItemType";"Monetary";"0";"";"";"0";"";"";"";"";"";"";"";"";"Instant";"Debit";0;0;"";"Boekwaarde van het registergoed.";"";"";"";"De boekwaarde van een goed dat volgens de wet moet worden ingeschreven in de daarvoor bestemde openbare registers: grond, huizen, schepen, vliegtuigen. Door de inschrijving kan iedereen zien aan wie het toebehoort en of er een ander zakelijk recht(bijvoorbeeld een hypotheek) op rust (zie BW 3:10).";"";"";""
56;"frc-i:AmortisationMethodRegisterBoundGood";5;"            Amortisation method register bound good";"            Afschrijvingsmethode registergoed";"            Afschrijvingsmethode registergoed";"            Afschrijvingsmethode registergoed";"";"AmortisationMethodRegisterBoundGood";"frc-i";"AmortisationMethodRegisterBoundGood";"https://www.sbrbanken.nl/bt11/frc/20161209/dictionary/frc-data#AmortisationMethodRegisterBoundGood";"xbrli:item";1;0;0;"frc-dim:LandAndBuildingsSpecificationAxis";"0";"0";"0";"0";"xbrli:stringItemType";"string";"xbrli:stringItemType";"String";"0";;;;;;;;;;;;"Instant";"None";0;0;"";"Methode om de waardedaling van het registergoed tot uitdrukking te brengen.";"";"";"";"Methode om de waardedaling van het registergoed tot uitdrukking te brengen.";"";"";""
57;"frc-lr:NotesBanksLandAndBuildings";3;"      Notes to the financial statements - Land and buildings";"      Toelichting op de jaarrekening - Bedrijfsgebouwen en -terreinen";"      Toelichting op de jaarrekening - Bedrijfsgebouwen en -terreinen";"      Toelichting op de jaarrekening - Bedrijfsgebouwen en -terreinen";"";"NotesBanksLandAndBuildings";"frc-lr";"NotesBanksLandAndBuildings";"https://www.sbrbanken.nl/bt11/frc/20161209/dictionary/frc-linkroles#NotesBanksLandAndBuildings";"";1;0;0;;"0";"0";"0";"0";"";"";"";"Abstract";"0";;;;;;;;;;;;"Other";"None";1;0;"";"";"";"";"";"";"";"";""
58;"frc-i:PurchaseValueRegisterBoundGoodDisclosure";4;"         Disclosure of purchase value register bound good";"         Informatieverschaffing over de aanschafwaarde registergoed";"         Informatieverschaffing over de aanschafwaarde registergoed";"         Informatieverschaffing over de aanschafwaarde registergoed";"";"PurchaseValueRegisterBoundGoodDisclosure";"frc-i";"PurchaseValueRegisterBoundGoodDisclosure";"https://www.sbrbanken.nl/bt11/frc/20161209/dictionary/frc-data#PurchaseValueRegisterBoundGoodDisclosure";"xbrli:item";1;0;0;;"0";"0";"0";"0";"nl-types:string100000ItemType";"string100000";"xbrli:stringItemType";"String";"0";"";"";"";"";"";"1";"100000";"";"";"";"";"Duration";"None";0;0;"";"Toelichting op de waarde waarvoor een registergoed is aangeschaft, indien de aanschafwaarde niet bekend is per kadastrale nummer. Alleen registergoederen met een aanschafwaarde van €10.000,- of meer behoeven hier te worden ingevuld.";"";"";"";"Toelichting op de waarde waarvoor een registergoed is aangeschaft, indien de aanschafwaarde niet bekend is per kadastrale nummer. Alleen registergoederen met een aanschafwaarde van €10.000,- of meer behoeven hier te worden ingevuld.";"";"";""
59;"frc-i:ValuePurposesValuationOfImmovablePropertyActRegisterBoundGoodDisclosure";4;"         Disclosure of value purposes valuation of immovable property act register bound good";"         Informatieverschaffing over WOZ-waarde registergoed";"         Informatieverschaffing over WOZ-waarde registergoed";"         Informatieverschaffing over WOZ-waarde registergoed";"";"ValuePurposesValuationOfImmovablePropertyActRegisterBoundGoodDisclosure";"frc-i";"ValuePurposesValuationOfImmovablePropertyActRegisterBoundGoodDisclosure";"https://www.sbrbanken.nl/bt11/frc/20161209/dictionary/frc-data#ValuePurposesValuationOfImmovablePropertyActRegisterBoundGoodDisclosure";"xbrli:item";1;0;0;;"0";"0";"0";"0";"nl-types:string100000ItemType";"string100000";"xbrli:stringItemType";"String";"0";"";"";"";"";"";"1";"100000";"";"";"";"";"Duration";"None";0;0;"";"Toelichting op de waarde van het registergoed zoals het bij het register is geregistreerd indien WOZ waarde geen betrekking heeft op kadastrale nummer.";"";"";"";"Toelichting op de waarde van het registergoed zoals het bij het register is geregistreerd indien WOZ waarde geen betrekking heeft op kadastrale nummer.";"";"";""
60;"frc-lr:OwnHousePrincipalResidenceIncomeSpecification";3;"      Specification of own house principle residence";"      Specificatie van eigen woning";"      Specificatie van eigen woning";"      Specificatie van eigen woning";"";"OwnHousePrincipalResidenceIncomeSpecification";"frc-lr";"OwnHousePrincipalResidenceIncomeSpecification";"https://www.sbrbanken.nl/bt11/frc/20161209/dictionary/frc-linkroles#OwnHousePrincipalResidenceIncomeSpecification";"";1;0;0;;"0";"0";"0";"0";"";"";"";"Abstract";"0";;;;;;;;;;;;"Other";"None";1;0;"";"";"";"";"";"";"";"";""
61;"bd-burg:OwnHousePrincipalResidenceImmovablePropertyLawObjectNumber";4;"         Own house principal residence immovable property law object number";"         WOZ-objectnummer woning hoofdverblijf";"         Own house principal residence immovable property law object number";"         Own house principal residence immovable property law object number";"";"OwnHousePrincipalResidenceImmovablePropertyLawObjectNumber";"bd-burg";"OwnHousePrincipalResidenceImmovablePropertyLawObjectNumber";"http://www.nltaxonomie.nl/nt11/bd/20161207/dictionary/bd-burgers#OwnHousePrincipalResidenceImmovablePropertyLawObjectNumber";"xbrli:item";1;0;0;;"0";"0";"0";"0";"bd-types:nonNegativeInteger12VItemType";"nonNegativeInteger12V";"xbrli:nonNegativeIntegerItemType";"Number";"0";"";"";"";"12";"";"";"";"";"";"";"";"Duration";"None";0;0;"";"";"";"";"";"";"";"";"Chapter: gsp definities, Name: belastingdienst taxonomie definities.pdf, Paragraph: 520212"
62;"bd-burg:OwnHousePrincipalResidenceAddress";4;"         Own house principal residence address";"         Adres eigen woning hoofdverblijf";"         Own house principal residence address";"         Own house principal residence address";"";"OwnHousePrincipalResidenceAddress";"bd-burg";"OwnHousePrincipalResidenceAddress";"http://www.nltaxonomie.nl/nt11/bd/20161207/dictionary/bd-burgers#OwnHousePrincipalResidenceAddress";"xbrli:item";1;0;0;;"0";"0";"0";"0";"bd-types:anstring60VItemType";"anstring60V";"xbrli:tokenItemType";"String";"0";"";"";"";"";"";"1";"60";"";"";"";"";"Duration";"None";0;0;"";"";"";"";"";"";"";"";"Article: 3.110, Name: Wet IB2001|Chapter: gsp definities, Name: belastingdienst taxonomie definities.pdf, Paragraph: 117461"
63;"bd-burg:OwnHousePrincipalResidenceImmovablePropertyLawValue";4;"         Own house principal residence immovable property law value";"         WOZ-waarde eigen woning hoofdverblijf";"         Own house principal residence immovable property law value";"         Own house principal residence immovable property law value";"";"OwnHousePrincipalResidenceImmovablePropertyLawValue";"bd-burg";"OwnHousePrincipalResidenceImmovablePropertyLawValue";"http://www.nltaxonomie.nl/nt11/bd/20161207/dictionary/bd-burgers#OwnHousePrincipalResidenceImmovablePropertyLawValue";"xbrli:item";1;0;0;;"0";"0";"0";"0";"nl-types:nonNegativeMonetaryNoDecimalsItemType";"nonNegativeMonetaryNoDecimals";"nl-types:monetary20ItemType";"Monetary";"0";"";"";"0";"";"";"";"";"0";"";"";"";"Duration";"None";0;0;"";"";"";"";"";"";"";"";"Chapter: gsp definities, Name: belastingdienst taxonomie definities.pdf, Paragraph: 117466|Article: 3.112, Name: Wet IB2001, Paragraph: 3|Article: 3.112, Name: Wet IB2001, Paragraph: 2"
64;"frc-lr:SecondHouseSpecification";3;"      Specification of second house(s)";"      Specificatie of tweede woning(en)";"      Specificatie of tweede woning(en)";"      Specificatie of tweede woning(en)";"";"SecondHouseSpecification";"frc-lr";"SecondHouseSpecification";"https://www.sbrbanken.nl/bt11/frc/20161209/dictionary/frc-linkroles#SecondHouseSpecification";"";1;0;0;;"0";"0";"0";"0";"";"";"";"Abstract";"0";;;;;;;;;;;;"Other";"None";1;0;"";"";"";"";"";"";"";"";""
65;"frc-dim:SecondHouseSpecificationAxis";4;"         Second house, specification [axis]";"         Tweede woning, specificatie [as]";"         Tweede woning, specificatie [as]";"         Tweede woning, specificatie [as]";"";"SecondHouseSpecificationAxis";"frc-dim";"SecondHouseSpecificationAxis";"https://www.sbrbanken.nl/bt11/frc/20161209/dictionary/frc-axes#SecondHouseSpecificationAxis";"xbrldt:dimensionItem";1;1;0;;"0";"0";"0";"0";"xbrli:stringItemType";"string";"xbrli:stringItemType";"Abstract";"0";;;;;;;;;;;;"Duration";"None";1;0;"";"";"";"";"";"";"";"";""
66;"frc-dm:ObjectNumberTypedMember";5;"            Immovable property law object number [typed member]";"            WOZ-objectnummer [typed member]";"            WOZ-objectnummer [typed member]";"            WOZ-objectnummer [typed member]";"";"ObjectNumberTypedMember";"frc-dm";"ObjectNumberTypedMember";"https://www.sbrbanken.nl/bt11/frc/20161209/dictionary/frc-domains#ObjectNumberTypedMember";"";2;0;1;"frc-dim:SecondHouseSpecificationAxis";"0";"0";"0";"0";"frc-types:nonNegInteger12";"nonNegInteger12";"frc-types:nonNegInteger12";"Number";"1";;;;;;;;;;;;"Other";"None";0;0;"";"";"";"";"";"";"";"";""
67;"bd-burg:SecondHouseAddress";5;"            Second house address";"            Adres tweede woning";"            Second house address";"            Second house address";"";"SecondHouseAddress";"bd-burg";"SecondHouseAddress";"http://www.nltaxonomie.nl/nt11/bd/20161207/dictionary/bd-burgers#SecondHouseAddress";"xbrli:item";1;0;0;"frc-dim:SecondHouseSpecificationAxis";"0";"0";"0";"0";"bd-types:anstring70VItemType";"anstring70V";"xbrli:tokenItemType";"String";"0";"";"";"";"";"";"1";"70";"";"";"";"";"Duration";"None";0;0;"";"";"";"";"";"";"";"";"Article: 7.7, Name: Wet IB2001, Paragraph: 2, Subparagraph: b|Chapter: gsp definities, Name: belastingdienst taxonomie definities.pdf, Paragraph: 117604|Article: 5.20, Name: Wet IB2001, Paragraph: 1|Article: 7.7, Name: Wet IB2001, Paragraph: 2, Subparagraph: a"
68;"bd-burg:SecondHouseValue";5;"            Second house value";"            Waarde tweede woning";"            Second house value";"            Second house value";"";"SecondHouseValue";"bd-burg";"SecondHouseValue";"http://www.nltaxonomie.nl/nt11/bd/20161207/dictionary/bd-burgers#SecondHouseValue";"xbrli:item";1;0;0;"frc-dim:SecondHouseSpecificationAxis";"0";"0";"0";"0";"nl-types:nonNegativeMonetaryNoDecimalsItemType";"nonNegativeMonetaryNoDecimals";"nl-types:monetary20ItemType";"Monetary";"0";"";"";"0";"";"";"";"";"0";"";"";"";"Duration";"None";0;0;"";"";"";"";"";"";"";"";"Article: 7.7, Name: Wet IB2001, Paragraph: 2, Subparagraph: b|Article: 7.7, Name: Wet IB2001, Paragraph: 2, Subparagraph: a|Article: 5.20, Name: Wet IB2001, Paragraph: 1|Chapter: gsp definities, Name: belastingdienst taxonomie definities.pdf, Paragraph: 117605"
69;"frc-lr:ImmovablePropertyOtherSpecification";3;"      Specification of other immovable property";"      Specificatie van overige onroerende zaken";"      Specificatie van overige onroerende zaken";"      Specificatie van overige onroerende zaken";"";"ImmovablePropertyOtherSpecification";"frc-lr";"ImmovablePropertyOtherSpecification";"https://www.sbrbanken.nl/bt11/frc/20161209/dictionary/frc-linkroles#ImmovablePropertyOtherSpecification";"";1;0;0;;"0";"0";"0";"0";"";"";"";"Abstract";"0";;;;;;;;;;;;"Other";"None";1;0;"";"";"";"";"";"";"";"";""
70;"frc-dim:ImmovablePropertyOtherSpecificationAxis";4;"         Immovable property other, specification [axis]";"         Overige onroerende zaken, specificatie [as]";"         Overige onroerende zaken, specificatie [as]";"         Overige onroerende zaken, specificatie [as]";"";"ImmovablePropertyOtherSpecificationAxis";"frc-dim";"ImmovablePropertyOtherSpecificationAxis";"https://www.sbrbanken.nl/bt11/frc/20161209/dictionary/frc-axes#ImmovablePropertyOtherSpecificationAxis";"xbrldt:dimensionItem";1;1;0;;"0";"0";"0";"0";"xbrli:stringItemType";"string";"xbrli:stringItemType";"Abstract";"0";;;;;;;;;;;;"Duration";"None";1;0;"";"";"";"";"";"";"";"";""
71;"frc-dm:ObjectNumberTypedMember";5;"            Immovable property law object number [typed member]";"            WOZ-objectnummer [typed member]";"            WOZ-objectnummer [typed member]";"            WOZ-objectnummer [typed member]";"";"ObjectNumberTypedMember";"frc-dm";"ObjectNumberTypedMember";"https://www.sbrbanken.nl/bt11/frc/20161209/dictionary/frc-domains#ObjectNumberTypedMember";"";2;0;1;"frc-dim:ImmovablePropertyOtherSpecificationAxis";"0";"0";"0";"0";"frc-types:nonNegInteger12";"nonNegInteger12";"frc-types:nonNegInteger12";"Number";"1";;;;;;;;;;;;"Other";"None";0;0;"";"";"";"";"";"";"";"";""
72;"bd-burg:ImmovablePropertyOtherAddress";5;"            Immovable property other address";"            Adres overige onroerende zaak";"            Immovable property other address";"            Immovable property other address";"";"ImmovablePropertyOtherAddress";"bd-burg";"ImmovablePropertyOtherAddress";"http://www.nltaxonomie.nl/nt11/bd/20161207/dictionary/bd-burgers#ImmovablePropertyOtherAddress";"xbrli:item";1;0;0;"frc-dim:ImmovablePropertyOtherSpecificationAxis";"0";"0";"0";"0";"bd-types:anstring70VItemType";"anstring70V";"xbrli:tokenItemType";"String";"0";"";"";"";"";"";"1";"70";"";"";"";"";"Duration";"None";0;0;"";"";"";"";"";"";"";"";"Chapter: gsp definities, Name: belastingdienst taxonomie definities.pdf, Paragraph: 117607|Article: 7.7, Name: Wet IB2001, Paragraph: 2, Subparagraph: a|Article: 5.3, Name: Wet IB2001, Paragraph: 2|Article: 5.19, Name: Wet IB2001|Article: 5.20, Name: Wet IB2001|Article: 7.7, Name: Wet IB2001, Paragraph: 2, Subparagraph: b"
73;"bd-burg:ImmovablePropertyOtherValue";5;"            Immovable property other value";"            Waarde overige onroerende zaak";"            Immovable property other value";"            Immovable property other value";"";"ImmovablePropertyOtherValue";"bd-burg";"ImmovablePropertyOtherValue";"http://www.nltaxonomie.nl/nt11/bd/20161207/dictionary/bd-burgers#ImmovablePropertyOtherValue";"xbrli:item";1;0;0;"frc-dim:ImmovablePropertyOtherSpecificationAxis";"0";"0";"0";"0";"nl-types:nonNegativeMonetaryNoDecimalsItemType";"nonNegativeMonetaryNoDecimals";"nl-types:monetary20ItemType";"Monetary";"0";"";"";"0";"";"";"";"";"0";"";"";"";"Duration";"None";0;0;"";"";"";"";"";"";"";"";"Chapter: gsp definities, Name: belastingdienst taxonomie definities.pdf, Paragraph: 117608|Article: 7.7, Name: Wet IB2001, Paragraph: 2, Subparagraph: a|Article: 5.3, Name: Wet IB2001, Paragraph: 2|Article: 5.19, Name: Wet IB2001|Article: 5.20, Name: Wet IB2001|Article: 7.7, Name: Wet IB2001, Paragraph: 2, Subparagraph: b"
