;"Generated by FINAN XBRL Taxonomy Viewer v4.4.2"
;"Taxonomy: BT12a(FrcRptWoz2017)"

"Sort";"ID";"Level";"Label en";"Label nl";"Label de";"Label fr";"PreferredLabelRole";"ElementName";"NamespaceAlias";"FinanVarName";"Url";"SubstitutionGroup";"UseCount";"IsTuple";"IsTupleKey";"IsInThisTuple";"TupleDepth";"TupleInstanceOrder";"MinTupleInstances";"MaxTupleInstances";"ElementType";"ShortElementType";"BaseType";"DataType (FMT4)";"InputRequired";"Pattern";"Enumeration";"FractionDigits";"TotalDigits";"Length";"MinLength";"MaxLength";"MinInclusive";"MaxInclusive";"MinExclusive";"MaxExclusive";"PeriodType";"Balance";"Abstract";"Nillable";"Documentation en";"Documentation nl";"Documentation de";"Documentation fr";"Ddef.Guidance en";"Ddef.Guidance nl";"Ddef.Guidance de";"Ddef.Guidance fr";"References"
1;"frc-abstr:ReportTitle";1;"Report";"Rapportage";"Rapportage";"Rapportage";"";"ReportTitle";"frc-abstr";"ReportTitle";"https://www.sbrbanken.nl/bt12/frc/20171009.a/presentation/frc-abstracts#ReportTitle";"sbr:presentationItem";1;0;0;;"0";"0";"0";"0";"xbrli:stringItemType";"string";"xbrli:stringItemType";"Abstract";"0";;;;;;;;;;;;"Duration";"None";1;0;"";"";"";"";"";"";"";"";""
2;"frc-abstr:DocumentEntityInformationBanksTitle";2;"   Document and entity information [title]";"   Informatie over de rapportage en de rechtspersoon [titel]";"   Informatie over de rapportage en de rechtspersoon [titel]";"   Informatie over de rapportage en de rechtspersoon [titel]";"";"DocumentEntityInformationBanksTitle";"frc-abstr";"DocumentEntityInformationBanksTitle";"https://www.sbrbanken.nl/bt12/frc/20171009.a/presentation/frc-abstracts#DocumentEntityInformationBanksTitle";"sbr:presentationItem";1;0;0;;"0";"0";"0";"0";"xbrli:stringItemType";"string";"xbrli:stringItemType";"Abstract";"0";;;;;;;;;;;;"Duration";"None";1;0;"";"";"";"";"";"";"";"";""
3;"frc-abstr:EntityInformationBanksTitle";3;"      Entity information [title]";"      Informatie over de rechtspersoon [titel]";"      Informatie over de rechtspersoon [titel]";"      Informatie over de rechtspersoon [titel]";"";"EntityInformationBanksTitle";"frc-abstr";"EntityInformationBanksTitle";"https://www.sbrbanken.nl/bt12/frc/20171009.a/presentation/frc-abstracts#EntityInformationBanksTitle";"sbr:presentationItem";1;0;0;;"0";"0";"0";"0";"xbrli:stringItemType";"string";"xbrli:stringItemType";"Abstract";"0";;;;;;;;;;;;"Duration";"None";1;0;"";"";"";"";"";"";"";"";""
4;"frc-lr:EntityInformation";4;"         Information about the entity";"         Informatie over de rechtspersoon";"         Informatie over de rechtspersoon";"         Informatie over de rechtspersoon";"";"EntityInformation";"frc-lr";"EntityInformation";"https://www.sbrbanken.nl/bt12/frc/20171009.a/dictionary/frc-linkroles#EntityInformation";"";1;0;0;;"0";"0";"0";"0";"";"";"";"Abstract";"0";;;;;;;;;;;;"Other";"None";1;0;"";"";"";"";"";"";"";"";""
5;"EntityInformation_venj-bw2-i:ChamberOfCommerceRegistrationNumber";5;"            Registration number at the Chamber of Commerce";"            Registratienummer bij de Kamer van Koophandel";"            Registrierungsnummer bei der Handelskammer";"            Numéro d'enregistrement à la Chambre du commerce";"";"ChamberOfCommerceRegistrationNumber";"venj-bw2-i";"EntityInformation_ChamberOfCommerceRegistrationNumber";"EntityInformation_http://www.nltaxonomie.nl/nt12/venj/20171004.b/dictionary/venj-bw2-data#ChamberOfCommerceRegistrationNumber";"xbrli:item";1;0;0;;"0";"0";"0";"0";"venj-types:chamberOfCommerceRegistrationNumberItemType";"chamberOfCommerceRegistrationNumber";"xbrli:stringItemType";"String";"0";"([1-9][0-9]{7})|([0-9][1-9][0-9]{6})";"";"";"";"8";"";"";"";"";"";"";"Duration";"None";0;0;"";"Het registratienummer bij de kamer van koophandel.";"";"";"";"";"";"";"Article: 380b, IssueDate: 2017-01-01, Name: Burgerlijk wetboek boek 2, Paragraph: d|Chapter: 300, IssueDate: 2017-01-01, Name: Richtlijnen voor de jaarverslaggeving, Paragraph: 104a|Chapter: C1, IssueDate: 2017-01-01, Name: Richtlijnen voor de jaarverslaggeving voor kleine rechtspersonen, Paragraph: 303a"
6;"EntityInformation_venj-bw2-i:LegalEntityName";5;"            Name of the legal entity";"            Naam van de rechtspersoon";"            Name der Körperschaft";"            Nom de l'entité juridique";"";"LegalEntityName";"venj-bw2-i";"EntityInformation_LegalEntityName";"EntityInformation_http://www.nltaxonomie.nl/nt12/venj/20171004.b/dictionary/venj-bw2-data#LegalEntityName";"xbrli:item";1;0;0;;"0";"0";"0";"0";"nl-types:string100000ItemType";"string100000";"xbrli:stringItemType";"String";"0";"";"";"";"";"";"1";"100000";"";"";"";"";"Duration";"None";0;0;"";"De statutaire naam van de rechtspersoon.";"";"";"";"";"";"";"Article: 380b, IssueDate: 2017-01-01, Name: Burgerlijk wetboek boek 2, Paragraph: a|Chapter: 110, IssueDate: 2017-01-01, Name: Richtlijnen voor de jaarverslaggeving, Paragraph: 103, Subparagraph: a|Chapter: 300, IssueDate: 2017-01-01, Name: Richtlijnen voor de jaarverslaggeving, Paragraph: 104a|Chapter: 640, IssueDate: 2017-01-01, Name: Richtlijnen voor de jaarverslaggeving, Paragraph: 401a|Chapter: A1, IssueDate: 2017-01-01, Name: Richtlijnen voor de jaarverslaggeving voor kleine rechtspersonen, Paragraph: 306|Chapter: B18, IssueDate: 2017-01-01, Name: Richtlijnen voor de jaarverslaggeving voor kleine rechtspersonen, Paragraph: 104, Subparagraph: a|Chapter: C1, IssueDate: 2017-01-01, Name: Richtlijnen voor de jaarverslaggeving voor kleine rechtspersonen, Paragraph: 303a"
7;"EntityInformation_rj-i:BusinessNames";5;"            Business names";"            Handelsnamen";"            Handelsnamen";"            Appellations commerciales";"";"BusinessNames";"rj-i";"EntityInformation_BusinessNames";"EntityInformation_http://www.nltaxonomie.nl/nt12/rj/20171004.b/dictionary/rj-data#BusinessNames";"xbrli:item";1;0;0;;"0";"0";"0";"0";"nl-types:string100000ItemType";"string100000";"xbrli:stringItemType";"String";"0";"";"";"";"";"";"1";"100000";"";"";"";"";"Duration";"None";0;0;"";"De vermelding van de verschillende handelsnamen waaronder de rechtspersoon opereert.";"";"";"";"";"";"";"Chapter: 110, IssueDate: 2017-01-01, Name: Richtlijnen voor de jaarverslaggeving, Paragraph: 103, Subparagraph: a"
8;"EntityInformation_nl-cd:HouseNumberNL";5;"            House number";"            Huisnummer";"            Hausnummer";"            Numéro de maison aux Pays-Bas";"";"HouseNumberNL";"nl-cd";"EntityInformation_HouseNumberNL";"EntityInformation_http://www.nltaxonomie.nl/nt12/sbr/20170515/dictionary/nl-common-data#HouseNumberNL";"xbrli:item";1;0;0;;"0";"0";"0";"0";"nl-types:nonNegative20ItemType";"nonNegative20";"xbrli:stringItemType";"String";"0";"([0-9]{1,20})";"";"";"";"";"";"";"";"";"";"";"Duration";"None";0;0;"The numeric part of the object as designated by the municipality.";"De numerieke aanduiding zoals deze door de gemeente aan het object is toegekend.";"";"";"";"";"";"";"IssueDate: 2002, Name: NEN5825"
9;"EntityInformation_nl-cd:HouseNumberAddition";5;"            House number addition";"            Huisnummer toevoeging";"            Hausnummer Zusatz";"            Numéro de maison en supplément";"";"HouseNumberAddition";"nl-cd";"EntityInformation_HouseNumberAddition";"EntityInformation_http://www.nltaxonomie.nl/nt12/sbr/20170515/dictionary/nl-common-data#HouseNumberAddition";"xbrli:item";1;0;0;;"0";"0";"0";"0";"nl-types:string1000ItemType";"string1000";"xbrli:stringItemType";"String";"0";"";"";"";"";"";"1";"1000";"";"";"";"";"Duration";"None";0;0;"The house number addition as designated by the municipality.";"De huisnummertoevoeging zoals deze door de gemeente aan het object is toegekend.";"";"";"";"";"";"";"IssueDate: 2002, Name: NEN5825"
10;"EntityInformation_nl-cd:PostalCodeNL";5;"            Postal code NL";"            Postcode NL";"            Postleitzahl";"            Code postal aux Pays-Bas";"";"PostalCodeNL";"nl-cd";"EntityInformation_PostalCodeNL";"EntityInformation_http://www.nltaxonomie.nl/nt12/sbr/20170515/dictionary/nl-common-data#PostalCodeNL";"xbrli:item";1;0;0;;"0";"0";"0";"0";"nl-types:nlzipItemType";"nlzip";"xbrli:stringItemType";"String";"0";"([1-9]{1}[0-9]{3}[A-Z]{2})";"";"";"";"";"";"";"";"";"";"";"Duration";"None";0;0;"The official coding of PostNL for a Dutch postal address, consisting of a numeric part and an alphabetic part.";"De officiële codering van PostNL voor een Nederlands postadres, bestaande uit een numeriek deel en een alfabetisch deel.";"";"";"";"";"";"";"IssueDate: 2002, Name: NEN5825|Article: 37, Name: Wet op de omzetbelasting 1968, Paragraph: a"
11;"EntityInformation_nl-cd:PlaceOfResidenceNL";5;"            Place of residence NL";"            Woonplaats NL";"            Wohnort";"            Lieu de résidence aux Pays-Bas";"";"PlaceOfResidenceNL";"nl-cd";"EntityInformation_PlaceOfResidenceNL";"EntityInformation_http://www.nltaxonomie.nl/nt12/sbr/20170515/dictionary/nl-common-data#PlaceOfResidenceNL";"xbrli:item";1;0;0;;"0";"0";"0";"0";"nl-types:string1000ItemType";"string1000";"xbrli:stringItemType";"String";"0";"";"";"";"";"";"1";"1000";"";"";"";"";"Duration";"None";0;0;"The official municipality name as designated by the municipality.";"De officiële door de gemeente vastgestelde gemeentenaam.";"";"";"";"";"";"";"Name: LO3.9, Page: 253, Publisher: Gemeentelijke basisadministratie|IssueDate: 2002, Name: NEN5825|Article: 37, Name: Wet op de omzetbelasting 1968, Paragraph: a"
12;"frc-abstr:DocumentInformationBanksTitle";3;"      Document information [title]";"      Informatie over de rapportage [titel]";"      Informatie over de rapportage [titel]";"      Informatie over de rapportage [titel]";"";"DocumentInformationBanksTitle";"frc-abstr";"DocumentInformationBanksTitle";"https://www.sbrbanken.nl/bt12/frc/20171009.a/presentation/frc-abstracts#DocumentInformationBanksTitle";"sbr:presentationItem";1;0;0;;"0";"0";"0";"0";"xbrli:stringItemType";"string";"xbrli:stringItemType";"Abstract";"0";;;;;;;;;;;;"Duration";"None";1;0;"";"";"";"";"";"";"";"";""
13;"frc-lr:DocumentInformation";4;"         Information required for filing the document with the bank";"         Informatie ten behoeve van het deponeren van de rapportage bij de bank";"         Informatie ten behoeve van het deponeren van de rapportage bij de bank";"         Informatie ten behoeve van het deponeren van de rapportage bij de bank";"";"DocumentInformation";"frc-lr";"DocumentInformation";"https://www.sbrbanken.nl/bt12/frc/20171009.a/dictionary/frc-linkroles#DocumentInformation";"";1;0;0;;"0";"0";"0";"0";"";"";"";"Abstract";"0";;;;;;;;;;;;"Other";"None";1;0;"";"";"";"";"";"";"";"";""
14;"DocumentInformation_frc-i:ReasonDelivery";5;"            Reason delivery";"            Reden levering";"            Reden levering";"            Reden levering";"";"ReasonDelivery";"frc-i";"DocumentInformation_ReasonDelivery";"DocumentInformation_https://www.sbrbanken.nl/bt12/frc/20171009.a/dictionary/frc-data#ReasonDelivery";"xbrli:item";1;0;0;;"0";"0";"0";"0";"frc-codes:reasonDeliveryItemType";"reasonDelivery";"xbrli:stringItemType";"Enumeration";"0";"";"Bijzonder beheer|Juridische omzetting|Kredietwijziging|Nieuwe aanvraag|Overige redenen voor aflevering|Revisie";"";"";"";"";"";"";"";"";"";"Duration";"None";0;0;"";"De reden waarom de kredietrapportage wordt aangeleverd.";"";"";"";"De reden waarom de kredietrapportage wordt aangeleverd.";"";"";""
15;"DocumentInformation_venj-bw2-i:FinancialReportingPeriodCurrentStartDate";5;"            Start date of current financial reporting period";"            Startdatum van de huidige financiële rapportageperiode";"            Anfangsdatum des aktuellen Berichtszeitraums";"            Date de début de la période actuelle de rapport financier";"";"FinancialReportingPeriodCurrentStartDate";"venj-bw2-i";"DocumentInformation_FinancialReportingPeriodCurrentStartDate";"DocumentInformation_http://www.nltaxonomie.nl/nt12/venj/20171004.b/dictionary/venj-bw2-data#FinancialReportingPeriodCurrentStartDate";"xbrli:item";1;0;0;;"0";"0";"0";"0";"xbrli:dateItemType";"date";"xbrli:dateItemType";"Date";"0";;;;;;;;;;;;"Duration";"None";0;0;"";"De startdatum van de huidige financiële rapportageperiode.";"";"";"";"";"";"";"Article: 3, IssueDate: 2015-01-01, Name: Besluit modellen jaarrekening|Article: 363, IssueDate: 2017-01-01, Name: Burgerlijk wetboek boek 2, Paragraph: 3|Chapter: A1, IssueDate: 2017-01-01, Name: Richtlijnen voor de jaarverslaggeving voor kleine rechtspersonen, Paragraph: 306"
16;"DocumentInformation_venj-bw2-i:FinancialReportingPeriodCurrentEndDate";5;"            End date of current financial reporting period";"            Einddatum van de huidige financiële rapportageperiode";"            Enddatum des aktuellen Berichtszeitraums";"            Date de fin de la période actuelle de rapport financier";"";"FinancialReportingPeriodCurrentEndDate";"venj-bw2-i";"DocumentInformation_FinancialReportingPeriodCurrentEndDate";"DocumentInformation_http://www.nltaxonomie.nl/nt12/venj/20171004.b/dictionary/venj-bw2-data#FinancialReportingPeriodCurrentEndDate";"xbrli:item";1;0;0;;"0";"0";"0";"0";"xbrli:dateItemType";"date";"xbrli:dateItemType";"Date";"0";;;;;;;;;;;;"Duration";"None";0;0;"";"De einddatum van de huidige financiële rapportageperiode.";"";"";"";"";"";"";"Article: 3, IssueDate: 2015-01-01, Name: Besluit modellen jaarrekening|Article: 363, IssueDate: 2017-01-01, Name: Burgerlijk wetboek boek 2, Paragraph: 2|Article: 363, IssueDate: 2017-01-01, Name: Burgerlijk wetboek boek 2, Paragraph: 3|Chapter: A1, IssueDate: 2017-01-01, Name: Richtlijnen voor de jaarverslaggeving voor kleine rechtspersonen, Paragraph: 306"
17;"DocumentInformation_venj-bw2-i:FinancialReportingPeriodPreviousStartDate";5;"            Start date of previous financial reporting period";"            Startdatum van de voorgaande financiële rapportageperiode";"            Anfangsdatum des vorherigen Berichtszeitraums";"            Date de début de la période précédente de rapport financier";"";"FinancialReportingPeriodPreviousStartDate";"venj-bw2-i";"DocumentInformation_FinancialReportingPeriodPreviousStartDate";"DocumentInformation_http://www.nltaxonomie.nl/nt12/venj/20171004.b/dictionary/venj-bw2-data#FinancialReportingPeriodPreviousStartDate";"xbrli:item";1;0;0;;"0";"0";"0";"0";"xbrli:dateItemType";"date";"xbrli:dateItemType";"Date";"0";;;;;;;;;;;;"Duration";"None";0;0;"";"De startdatum van de voorgaande financiële rapportageperiode.";"";"";"";"";"";"";"Article: 3, IssueDate: 2015-01-01, Name: Besluit modellen jaarrekening|Article: 363, IssueDate: 2017-01-01, Name: Burgerlijk wetboek boek 2, Paragraph: 5|Chapter: A1, IssueDate: 2017-01-01, Name: Richtlijnen voor de jaarverslaggeving voor kleine rechtspersonen, Paragraph: 310|Chapter: M1, IssueDate: 2017-01-01, Name: Richtlijnen voor de jaarverslaggeving voor kleine rechtspersonen, Paragraph: 202"
18;"DocumentInformation_venj-bw2-i:FinancialReportingPeriodPreviousEndDate";5;"            End date of previous financial reporting period";"            Einddatum van de voorgaande financiële rapportageperiode";"            Enddatum des vorherigen Berichtszeitraums";"            Date de fin de la période précédente de rapport financier";"";"FinancialReportingPeriodPreviousEndDate";"venj-bw2-i";"DocumentInformation_FinancialReportingPeriodPreviousEndDate";"DocumentInformation_http://www.nltaxonomie.nl/nt12/venj/20171004.b/dictionary/venj-bw2-data#FinancialReportingPeriodPreviousEndDate";"xbrli:item";1;0;0;;"0";"0";"0";"0";"xbrli:dateItemType";"date";"xbrli:dateItemType";"Date";"0";;;;;;;;;;;;"Duration";"None";0;0;"";"De einddatum van de voorgaande financiële rapportageperiode.";"";"";"";"";"";"";"Article: 3, IssueDate: 2015-01-01, Name: Besluit modellen jaarrekening|Article: 363, IssueDate: 2017-01-01, Name: Burgerlijk wetboek boek 2, Paragraph: 5|Chapter: A1, IssueDate: 2017-01-01, Name: Richtlijnen voor de jaarverslaggeving voor kleine rechtspersonen, Paragraph: 310|Chapter: M1, IssueDate: 2017-01-01, Name: Richtlijnen voor de jaarverslaggeving voor kleine rechtspersonen, Paragraph: 202"
19;"DocumentInformation_venj-bw2-i:BasisOfPreparation";5;"            Basis of preparation";"            Type grondslag";"            Grundlage der Erstellung";"            Base de préparation";"";"BasisOfPreparation";"venj-bw2-i";"DocumentInformation_BasisOfPreparation";"DocumentInformation_http://www.nltaxonomie.nl/nt12/venj/20171004.b/dictionary/venj-bw2-data#BasisOfPreparation";"xbrli:item";1;0;0;;"0";"0";"0";"0";"venj-codes:basisOfPreparationItemType";"basisOfPreparation";"xbrli:stringItemType";"Enumeration";"0";"";"Commercieel|Fiscaal";"";"";"";"";"";"";"";"";"";"Duration";"None";0;0;"";"De benoeming van de toepassing van de commerciële of fiscale grondslagen voor het opstellen van de jaarrekening.";"";"";"";"";"";"";"Article: 396, IssueDate: 2017-01-01, Name: Burgerlijk wetboek boek 2, Paragraph: 6|Chapter: A1, IssueDate: 2017-01-01, Name: Richtlijnen voor de jaarverslaggeving voor kleine rechtspersonen, Paragraph: 102a|Chapter: D3.2, IssueDate: 2017-01-01, Name: Richtlijnen voor de jaarverslaggeving voor kleine rechtspersonen, Paragraph: 101|Chapter: D3.2, IssueDate: 2017-01-01, Name: Richtlijnen voor de jaarverslaggeving voor kleine rechtspersonen, Paragraph: 308|Chapter: M1, IssueDate: 2017-01-01, Name: Richtlijnen voor de jaarverslaggeving voor kleine rechtspersonen, Paragraph: 104"
20;"DocumentInformation_rj-i:DocumentPresentationCurrency";5;"            Presentation currency of the document";"            Rapporteringsvaluta van het document";"            Berichtswährung des Dokuments";"            Monnaie de présentation du document";"";"DocumentPresentationCurrency";"rj-i";"DocumentInformation_DocumentPresentationCurrency";"DocumentInformation_http://www.nltaxonomie.nl/nt12/rj/20171004.b/dictionary/rj-data#DocumentPresentationCurrency";"xbrli:item";1;0;0;;"0";"0";"0";"0";"iso4217-enum-sbr:isoCurrencyCodes4217ItemType";"isoCurrencyCodes4217";"xbrli:stringItemType";"Enumeration";"0";"";"AED|AFN|ALL|AMD|ANG|AOA|ARS|AUD|AWG|AZN|BAM|BBD|BDT|BGN|BHD|BIF|BMD|BND|BOB|BOV|BRL|BSD|BTN|BWP|BYR|BZD|CAD|CDF|CHE|CHF|CHW|CLF|CLP|CNY|COP|COU|CRC|CUC|CUP|CVE|CZK|DJF|DKK|DOP|DZD|EGP|ERN|ETB|EUR|FJD|FKP|GBP|GEL|GHS|GIP|GMD|GNF|GTQ|GYD|HKD|HNL|HRK|HTG|HUF|IDR|ILS|INR|IQD|IRR|ISK|JMD|JOD|JPY|KES|KGS|KHR|KMF|KPW|KRW|KWD|KYD|KZT|LAK|LBP|LKR|LRD|LSL|LTL|LYD|MAD|MDL|MGA|MKD|MMK|MNT|MOP|MRO|MUR|MVR|MWK|MXN|MXV|MYR|MZN|NAD|NGN|NIO|NOK|NPR|NZD|OMR|PAB|PEN|PGK|PHP|PKR|PLN|PYG|QAR|RON|RSD|RUB|RWF|SAR|SBD|SCR|SDG|SEK|SGD|SHP|SLL|SOS|SRD|SSP|STD|SYP|SZL|THB|TJS|TMT|TND|TOP|TRY|TTD|TWD|TZS|UAH|UGX|USD|USN|UYI|UYU|UZS|VEF|VND|VUV|WST|XAF|XAG|XAU|XBA|XBB|XBC|XBD|XCD|XDR|XFU|XOF|XPD|XPF|XPT|XSU|XTS|XUA|XXX|YER|ZAR|ZMW";"";"";"";"";"";"";"";"";"";"Duration";"None";0;0;"";"De valuta waarin de financiële informatie in het document wordt gepresenteerd.";"";"";"";"";"";"";"Chapter: 110, IssueDate: 2017-01-01, Name: Richtlijnen voor de jaarverslaggeving, Paragraph: 103, Subparagraph: d|Chapter: A1, IssueDate: 2017-01-01, Name: Richtlijnen voor de jaarverslaggeving voor kleine rechtspersonen, Paragraph: 306"
21;"DocumentInformation_frc-i:DestinationBank";5;"            Destination bank";"            Bestemmende bank";"            Bestemmende bank";"            Bestemmende bank";"";"DestinationBank";"frc-i";"DocumentInformation_DestinationBank";"DocumentInformation_https://www.sbrbanken.nl/bt12/frc/20171009.a/dictionary/frc-data#DestinationBank";"xbrli:item";1;0;0;;"0";"0";"0";"0";"frc-codes:destinationBankItemType";"destinationBank";"xbrli:stringItemType";"Enumeration";"0";"";"ABN AMRO Bank|ING Bank|Overige|Rabobank|Volksbank";"";"";"";"";"";"";"";"";"";"Duration";"None";0;0;"";"De naam van de bank waarvoor de rapportage bestemd is.";"";"";"";"De naam van de bank waarvoor de rapportage bestemd is. Indien de rapportage bestemd is voor een bank waarvan de naam niet is opgenomen in de gespecificeerde lijst dan ""Overig"" invullen.";"";"";""
22;"DocumentInformation_nl-cd:DocumentCreationDate";5;"            Document creation date";"            Datum van opmaak van het document";"            Erstellungsdatum des Dokuments";"            Date de création du document";"";"DocumentCreationDate";"nl-cd";"DocumentInformation_DocumentCreationDate";"DocumentInformation_http://www.nltaxonomie.nl/nt12/sbr/20170515/dictionary/nl-common-data#DocumentCreationDate";"xbrli:item";1;0;0;;"0";"0";"0";"0";"xbrli:dateItemType";"date";"xbrli:dateItemType";"Date";"0";;;;;;;;;;;;"Duration";"None";0;0;"The date of document formatting, according to ISO 8601 with the format: yyyy-mm-dd.";"De datum van opmaak van het document volgens ISO 8601 in het formaat: jjjj-mm-dd";"";"";"";"";"";"";""
23;"DocumentInformation_frc-i:AuditReportType";5;"            Type of audit report";"            Soort accountantsverklaring";"            Soort accountantsverklaring";"            Soort accountantsverklaring";"";"AuditReportType";"frc-i";"DocumentInformation_AuditReportType";"DocumentInformation_https://www.sbrbanken.nl/bt12/frc/20171009.a/dictionary/frc-data#AuditReportType";"xbrli:item";1;0;0;;"0";"0";"0";"0";"frc-codes:auditReportItemType";"auditReport";"xbrli:stringItemType";"Enumeration";"0";"";"Beoordelingsverklaring|Controleverklaring samengevatte financiÃ«le overzichten|Controleverklaring|Geen verklaring|Samenstellingsverklaring";"";"";"";"";"";"";"";"";"";"Duration";"None";0;0;"";"Soort accountantsverklaring bij laatst vastgestelde jaarrekening.";"";"";"";"";"";"";""
24;"DocumentInformation_frc-i:OpinionType";5;"            Opinion";"            Oordeel";"            Oordeel";"            Oordeel";"";"OpinionType";"frc-i";"DocumentInformation_OpinionType";"DocumentInformation_https://www.sbrbanken.nl/bt12/frc/20171009.a/dictionary/frc-data#OpinionType";"xbrli:item";1;0;0;;"0";"0";"0";"0";"frc-codes:opinionItemType";"opinion";"xbrli:stringItemType";"Enumeration";"0";"";"Afkeurend|Beperking|Gecombineerd|Goedkeurend|Oordeelonthouding|Weigering";"";"";"";"";"";"";"";"";"";"Duration";"None";0;0;"";"Strekking van de accountantsverklaring.";"";"";"";"";"";"";""
25;"DocumentInformation_frc-i:ExplanatoryParagraph";5;"            Explanatory paragraph";"            Toelichtende paragraaf";"            Toelichtende paragraaf";"            Toelichtende paragraaf";"";"ExplanatoryParagraph";"frc-i";"DocumentInformation_ExplanatoryParagraph";"DocumentInformation_https://www.sbrbanken.nl/bt12/frc/20171009.a/dictionary/frc-data#ExplanatoryParagraph";"xbrli:item";1;0;0;;"0";"0";"0";"0";"nl-types:string100000ItemType";"string100000";"xbrli:stringItemType";"String";"0";"";"";"";"";"";"1";"100000";"";"";"";"";"Duration";"None";0;0;"";"Toelichtende paragraaf indien de accountantsverklaring is opgenomen.";"";"";"";"";"";"";""
26;"frc-lr:ContactForDocumentPresentation";4;"         Contact for this document";"         Contactpersoon voor deze rapportage";"         Contactpersoon voor deze rapportage";"         Contactpersoon voor deze rapportage";"";"ContactForDocumentPresentation";"frc-lr";"ContactForDocumentPresentation";"https://www.sbrbanken.nl/bt12/frc/20171009.a/dictionary/frc-linkroles#ContactForDocumentPresentation";"";1;0;0;;"0";"0";"0";"0";"";"";"";"Abstract";"0";;;;;;;;;;;;"Other";"None";1;0;"";"";"";"";"";"";"";"";""
27;"ContactForDocumentPresentation_frc-i:ContactType";5;"            Contact type";"            Soort contactpersoon";"            Soort contactpersoon";"            Soort contactpersoon";"";"ContactType";"frc-i";"ContactForDocumentPresentation_ContactType";"ContactForDocumentPresentation_https://www.sbrbanken.nl/bt12/frc/20171009.a/dictionary/frc-data#ContactType";"xbrli:item";1;0;0;;"0";"0";"0";"0";"kvk-codes:contactItemType";"contact";"xbrli:stringItemType";"Enumeration";"0";"";"Intermediair|Ondernemer";"";"";"";"";"";"";"";"";"";"Duration";"None";0;0;"The purpose of this concept is to categorise the contact for this report into either ""Intermediary"" or ""Entrepreneur"".";"Dit concept dient voor het classificeren van de contactpersoon van deze rapportage in de categorie ""ondernemer"" of ""intermediair"".";"";"";"";"";"";"";""
28;"ContactForDocumentPresentation_nl-cd:FirstName";5;"            First name";"            Voornamen";"            Vorname";"            Prénom";"";"FirstName";"nl-cd";"ContactForDocumentPresentation_FirstName";"ContactForDocumentPresentation_http://www.nltaxonomie.nl/nt12/sbr/20170515/dictionary/nl-common-data#FirstName";"xbrli:item";1;0;0;;"0";"0";"0";"0";"nl-types:string1000ItemType";"string1000";"xbrli:stringItemType";"String";"0";"";"";"";"";"";"1";"1000";"";"";"";"";"Duration";"None";0;0;"The collection of names, separated by spaces, which precede the family name stripped of predicates.";"De verzameling namen die, gescheiden door spaties, aan de geslachtsnaam voorafgaat. Indien aanwezig, wordt het predikaat afgesplitst.";"";"";"";"";"";"";"Name: LO3.9, Page: 234, Publisher: Gemeentelijke basisadministratie"
29;"ContactForDocumentPresentation_nl-cd:Prefix";5;"            Prefix";"            Voorvoegsel geslachtsnaam";"            Präfix";"            Particule";"";"Prefix";"nl-cd";"ContactForDocumentPresentation_Prefix";"ContactForDocumentPresentation_http://www.nltaxonomie.nl/nt12/sbr/20170515/dictionary/nl-common-data#Prefix";"xbrli:item";1;0;0;;"0";"0";"0";"0";"nl-types:string1000ItemType";"string1000";"xbrli:stringItemType";"String";"0";"";"";"";"";"";"1";"1000";"";"";"";"";"Duration";"None";0;0;"That part of the family name which, separated by a space, is located in front of the rest of the family name.";"Dat deel van de geslachtsnaam dat gescheiden door een spatie, vooraf gaat aan de rest van de geslachtsnaam.";"";"";"";"";"";"";"Name: LO3.9, Page: 236, Publisher: Gemeentelijke basisadministratie"
30;"ContactForDocumentPresentation_nl-cd:FamilyName";5;"            Family name";"            Geslachtsnaam";"            Familienname";"            Nom de famille";"";"FamilyName";"nl-cd";"ContactForDocumentPresentation_FamilyName";"ContactForDocumentPresentation_http://www.nltaxonomie.nl/nt12/sbr/20170515/dictionary/nl-common-data#FamilyName";"xbrli:item";1;0;0;;"0";"0";"0";"0";"nl-types:string1000ItemType";"string1000";"xbrli:stringItemType";"String";"0";"";"";"";"";"";"1";"1000";"";"";"";"";"Duration";"None";0;0;"The family name stripped of any prefixes and noble titles/predicates.";"De (geslachts)naam waarvan de eventueel aanwezige voorvoegsels en adellijke titel/predikaat zijn afgesplitst.";"";"";"";"";"";"";"Name: LO3.9, Page: 237, Publisher: Gemeentelijke basisadministratie"
31;"ContactForDocumentPresentation_frc-i:OrganisationName";5;"            Name of the organisation represented by the contact";"            Naam van de organisatie vertegenwoordigd door de contactpersoon";"            Naam van de organisatie vertegenwoordigd door de contactpersoon";"            Naam van de organisatie vertegenwoordigd door de contactpersoon";"";"OrganisationName";"frc-i";"ContactForDocumentPresentation_OrganisationName";"ContactForDocumentPresentation_https://www.sbrbanken.nl/bt12/frc/20171009.a/dictionary/frc-data#OrganisationName";"xbrli:item";1;0;0;;"0";"0";"0";"0";"nl-types:string1000ItemType";"string1000";"xbrli:stringItemType";"String";"0";"";"";"";"";"";"1";"1000";"";"";"";"";"Duration";"None";0;0;"The name of the organisation to which the contactperson belongs.";"De naam van de organisatie waartoe de contactpersoon behoort.";"";"";"";"";"";"";""
32;"ContactForDocumentPresentation_nl-cd:TelephoneNumber";5;"            Telephone number";"            Telefoonnummer";"            Telefonnummer";"            Numéro de téléphone";"";"TelephoneNumber";"nl-cd";"ContactForDocumentPresentation_TelephoneNumber";"ContactForDocumentPresentation_http://www.nltaxonomie.nl/nt12/sbr/20170515/dictionary/nl-common-data#TelephoneNumber";"xbrli:item";1;0;0;;"0";"0";"0";"0";"nl-types:string1000ItemType";"string1000";"xbrli:stringItemType";"String";"0";"";"";"";"";"";"1";"1000";"";"";"";"";"Duration";"None";0;0;"The number on which a person or organisation can be reached by telephone, consisting of an area code and a subscriber number.";"Het nummer waaronder een persoon of organisatie telefonisch te bereiken is, bestaande uit een netnummer en een abonneenummer.";"";"";"";"";"";"";"IssueDate: 2002, Name: NEN5825|Article: 37, Name: Wet op de omzetbelasting 1968, Paragraph: a"
33;"ContactForDocumentPresentation_kvk-i:EmailAddressContact";5;"            Contact email address for this document";"            E-mailadres van de contactpersoon voor deze rapportage";"            E-Mail-Adresse des Ansprechpartners für diesen Bericht";"            Adresse e-mail de la personne de contact pour ce rapport";"";"EmailAddressContact";"kvk-i";"ContactForDocumentPresentation_EmailAddressContact";"ContactForDocumentPresentation_http://www.nltaxonomie.nl/nt12/kvk/20171004.b/dictionary/kvk-data#EmailAddressContact";"xbrli:item";1;0;0;;"0";"0";"0";"0";"nl-types:emailItemType";"email";"xbrli:stringItemType";"String";"0";"[^@]+@[^@]+";"";"";"";"";"6";"254";"";"";"";"";"Duration";"None";0;0;"";"Het adres waaronder de contactpersoon van de organisatie via het internet per elektronische post te bereiken is.";"";"";"";"";"";"";"IssueDate: 2002, Name: NEN5825"
34;"frc-abstr:IntermediaryTitle";3;"      Intermediary title";"      Intermediair";"      Intermediair";"      Intermediair";"";"IntermediaryTitle";"frc-abstr";"IntermediaryTitle";"https://www.sbrbanken.nl/bt12/frc/20171009.a/presentation/frc-abstracts#IntermediaryTitle";"sbr:presentationItem";1;0;0;;"0";"0";"0";"0";"xbrli:stringItemType";"string";"xbrli:stringItemType";"Abstract";"0";;;;;;;;;;;;"Duration";"None";1;0;"";"";"";"";"";"";"";"";""
35;"frc-lr:IntermediaryInformation";4;"         Information about the intermediary";"         Informatie over de intermediair";"         Informatie over de intermediair";"         Informatie over de intermediair";"";"IntermediaryInformation";"frc-lr";"IntermediaryInformation";"https://www.sbrbanken.nl/bt12/frc/20171009.a/dictionary/frc-linkroles#IntermediaryInformation";"";1;0;0;;"0";"0";"0";"0";"";"";"";"Abstract";"0";;;;;;;;;;;;"Other";"None";1;0;"";"";"";"";"";"";"";"";""
36;"IntermediaryInformation_frc-i:NameIntermediary";5;"            Name intermediary";"            Naam intermediair";"            Naam intermediair";"            Naam intermediair";"";"NameIntermediary";"frc-i";"IntermediaryInformation_NameIntermediary";"IntermediaryInformation_https://www.sbrbanken.nl/bt12/frc/20171009.a/dictionary/frc-data#NameIntermediary";"xbrli:item";1;0;0;;"0";"0";"0";"0";"xbrli:stringItemType";"string";"xbrli:stringItemType";"String";"0";;;;;;;;;;;;"Duration";"None";0;0;"";"Naam kantoor intermediair.";"";"";"";"Naam van het kantoor van de financiële intermediair (accountant, fiscalist, boekhoudkantoor).";"";"";""
37;"IntermediaryInformation_frc-i:IntermediaryType";5;"            Intermediary type";"            Intermediair type";"            Intermediair type";"            Intermediair type";"";"IntermediaryType";"frc-i";"IntermediaryInformation_IntermediaryType";"IntermediaryInformation_https://www.sbrbanken.nl/bt12/frc/20171009.a/dictionary/frc-data#IntermediaryType";"xbrli:item";1;0;0;;"0";"0";"0";"0";"frc-codes:intermediaryItemType";"intermediary";"xbrli:stringItemType";"Enumeration";"0";"";"Accountant|Administrateur|BelastingConsulent|Overige";"";"";"";"";"";"";"";"";"";"Duration";"None";0;0;"";"Geeft aan of Intermediair een accountant, administrateur, belastingconsulent of overige functie heeft";"";"";"";"";"";"";""
38;"IntermediaryInformation_frc-i:DomicileIntermediary";5;"            Domicile intermediary";"            Vestigingsplaats intermediair";"            Vestigingsplaats intermediair";"            Vestigingsplaats intermediair";"";"DomicileIntermediary";"frc-i";"IntermediaryInformation_DomicileIntermediary";"IntermediaryInformation_https://www.sbrbanken.nl/bt12/frc/20171009.a/dictionary/frc-data#DomicileIntermediary";"xbrli:item";1;0;0;;"0";"0";"0";"0";"xbrli:stringItemType";"string";"xbrli:stringItemType";"String";"0";;;;;;;;;;;;"Duration";"None";0;0;"";"Vestigingsplaats intermediair.";"";"";"";"De vestigingsplaats van de financiële intermediair (accountant, fiscalist, boekhoudkantoor).";"";"";""
39;"IntermediaryInformation_frc-i:NameCompiler";5;"            Name compiler";"            Naam opsteller";"            Naam opsteller";"            Naam opsteller";"";"NameCompiler";"frc-i";"IntermediaryInformation_NameCompiler";"IntermediaryInformation_https://www.sbrbanken.nl/bt12/frc/20171009.a/dictionary/frc-data#NameCompiler";"xbrli:item";1;0;0;;"0";"0";"0";"0";"xbrli:stringItemType";"string";"xbrli:stringItemType";"String";"0";;;;;;;;;;;;"Duration";"None";0;0;"";"De naam van de opsteller (natuurlijk persoon) met toevoeging van (relevante) titels.";"";"";"";"De naam van de opsteller (natuurlijk persoon) van de rapportage met toevoeging van (relevante) titels.";"";"";""
40;"IntermediaryInformation_frc-i:EmailAddressIntermediary";5;"            Email address intermediary";"            E-mailadres intermediair";"            E-mailadres intermediair";"            E-mailadres intermediair";"";"EmailAddressIntermediary";"frc-i";"IntermediaryInformation_EmailAddressIntermediary";"IntermediaryInformation_https://www.sbrbanken.nl/bt12/frc/20171009.a/dictionary/frc-data#EmailAddressIntermediary";"xbrli:item";1;0;0;;"0";"0";"0";"0";"xbrli:stringItemType";"string";"xbrli:stringItemType";"String";"0";;;;;;;;;;;;"Duration";"None";0;0;"";"Het e-mailadres van de intermediair.";"";"";"";"Het e-mailadres van de financiële intermediair.";"";"";""
41;"frc-abstr:BankInformationTitle";3;"      Bank information title";"      Bank informatie";"      Bank informatie";"      Bank informatie";"";"BankInformationTitle";"frc-abstr";"BankInformationTitle";"https://www.sbrbanken.nl/bt12/frc/20171009.a/presentation/frc-abstracts#BankInformationTitle";"sbr:presentationItem";1;0;0;;"0";"0";"0";"0";"xbrli:stringItemType";"string";"xbrli:stringItemType";"Abstract";"0";;;;;;;;;;;;"Duration";"None";1;0;"";"";"";"";"";"";"";"";""
42;"frc-lr:BankAccountsSpecification";4;"         Bank accounts specification";"         Zakelijke bankrekening gegevens specificatie";"         Zakelijke bankrekening gegevens specificatie";"         Zakelijke bankrekening gegevens specificatie";"";"BankAccountsSpecification";"frc-lr";"BankAccountsSpecification";"https://www.sbrbanken.nl/bt12/frc/20171009.a/dictionary/frc-linkroles#BankAccountsSpecification";"";1;0;0;;"0";"0";"0";"0";"";"";"";"Abstract";"0";;;;;;;;;;;;"Other";"None";1;0;"";"";"";"";"";"";"";"";""
43;"BankAccountsSpecification_frc-dim:BankAccountSpecificationAxis";5;"            Bank accounts specification [axis]";"            Bankrekening gegevens specificatie [as]";"            Bankrekening gegevens specificatie [as]";"            Bankrekening gegevens specificatie [as]";"";"BankAccountSpecificationAxis";"frc-dim";"BankAccountsSpecification_BankAccountSpecificationAxis";"BankAccountsSpecification_https://www.sbrbanken.nl/bt12/frc/20171009.a/dictionary/frc-axes#BankAccountSpecificationAxis";"xbrldt:dimensionItem";1;1;0;;"0";"0";"0";"0";"xbrli:stringItemType";"string";"xbrli:stringItemType";"Abstract";"0";;;;;;;;;;;;"Duration";"None";1;0;"";"";"";"";"";"";"";"";""
44;"BankAccountsSpecification_frc-dm:BankAccountSpecificationTypedMember";6;"               Bank accounts specification [typed member]";"               Bankrekening gegevens specificatie [typed member]";"               Bankrekening gegevens specificatie [typed member]";"               Bankrekening gegevens specificatie [typed member]";"";"BankAccountSpecificationTypedMember";"frc-dm";"BankAccountsSpecification_BankAccountSpecificationTypedMember";"BankAccountsSpecification_https://www.sbrbanken.nl/bt12/frc/20171009.a/dictionary/frc-domains#BankAccountSpecificationTypedMember";"";1;0;1;"BankAccountsSpecification_frc-dim:BankAccountSpecificationAxis";"0";"0";"0";"0";"nl-types:string255";"string255";"nl-types:string255";"String";"1";;;;;;;;;;;;"Other";"None";0;0;"";"";"";"";"";"";"";"";""
45;"BankAccountsSpecification_frc-i:BankName";6;"               Bank name";"               Naam bank";"               Naam bank";"               Naam bank";"";"BankName";"frc-i";"BankAccountsSpecification_BankName";"BankAccountsSpecification_https://www.sbrbanken.nl/bt12/frc/20171009.a/dictionary/frc-data#BankName";"xbrli:item";2;0;0;"BankAccountsSpecification_frc-dim:BankAccountSpecificationAxis";"0";"0";"0";"0";"nl-types:string100000ItemType";"string100000";"xbrli:stringItemType";"String";"0";"";"";"";"";"";"1";"100000";"";"";"";"";"Duration";"None";0;0;"";"De naam van de bank.";"";"";"";"De naam van de bank.";"";"";""
46;"BankAccountsSpecification_nl-cd:PresentationOrder";6;"               Presentation order";"               Presentatievolgorde";"               Eingegebene Präsentation";"               Ordre de présentation";"";"PresentationOrder";"nl-cd";"BankAccountsSpecification_PresentationOrder";"BankAccountsSpecification_http://www.nltaxonomie.nl/nt12/sbr/20170515/dictionary/nl-common-data#PresentationOrder";"xbrli:item";2;0;0;"BankAccountsSpecification_frc-dim:BankAccountSpecificationAxis";"0";"0";"0";"0";"nl-types:nonNegativeDecimalItemType";"nonNegativeDecimal";"nl-types:decimal20ItemType";"Number";"0";"";"";"";"";"";"";"";"0";"";"";"";"Duration";"None";0;0;"The number that indicates the rendering order.";"Het nummer wat de presentatie volgorde aangeeft.";"";"";"";"";"";"";""
47;"frc-lr:PrivateBankAccountsSpecification";4;"         Private bank accounts specification";"         Privé bankrekening gegevens specificatie";"         Privé bankrekening gegevens specificatie";"         Privé bankrekening gegevens specificatie";"";"PrivateBankAccountsSpecification";"frc-lr";"PrivateBankAccountsSpecification";"https://www.sbrbanken.nl/bt12/frc/20171009.a/dictionary/frc-linkroles#PrivateBankAccountsSpecification";"";1;0;0;;"0";"0";"0";"0";"";"";"";"Abstract";"0";;;;;;;;;;;;"Other";"None";1;0;"";"";"";"";"";"";"";"";""
48;"PrivateBankAccountsSpecification_frc-dim:PrivateBankAccountSpecificationAxis";5;"            Private bank accounts specification [axis]";"            Privé bankrekening gegevens specificatie [as]";"            Privé bankrekening gegevens specificatie [as]";"            Privé bankrekening gegevens specificatie [as]";"";"PrivateBankAccountSpecificationAxis";"frc-dim";"PrivateBankAccountsSpecification_PrivateBankAccountSpecificationAxis";"PrivateBankAccountsSpecification_https://www.sbrbanken.nl/bt12/frc/20171009.a/dictionary/frc-axes#PrivateBankAccountSpecificationAxis";"xbrldt:dimensionItem";1;1;0;;"0";"0";"0";"0";"xbrli:stringItemType";"string";"xbrli:stringItemType";"Abstract";"0";;;;;;;;;;;;"Duration";"None";1;0;"";"";"";"";"";"";"";"";""
49;"PrivateBankAccountsSpecification_frc-dm:PrivateBankAccountSpecificationTypedMember";6;"               Private bank accounts specification [typed member]";"               Privé bankrekening gegevens specificatie [typed member]";"               Privé bankrekening gegevens specificatie [typed member]";"               Privé bankrekening gegevens specificatie [typed member]";"";"PrivateBankAccountSpecificationTypedMember";"frc-dm";"PrivateBankAccountsSpecification_PrivateBankAccountSpecificationTypedMember";"PrivateBankAccountsSpecification_https://www.sbrbanken.nl/bt12/frc/20171009.a/dictionary/frc-domains#PrivateBankAccountSpecificationTypedMember";"";1;0;1;"PrivateBankAccountsSpecification_frc-dim:PrivateBankAccountSpecificationAxis";"0";"0";"0";"0";"nl-types:string255";"string255";"nl-types:string255";"String";"1";;;;;;;;;;;;"Other";"None";0;0;"";"";"";"";"";"";"";"";""
50;"PrivateBankAccountsSpecification_frc-i:BankName";6;"               Bank name";"               Naam bank";"               Naam bank";"               Naam bank";"";"BankName";"frc-i";"PrivateBankAccountsSpecification_BankName";"PrivateBankAccountsSpecification_https://www.sbrbanken.nl/bt12/frc/20171009.a/dictionary/frc-data#BankName";"xbrli:item";2;0;0;"PrivateBankAccountsSpecification_frc-dim:PrivateBankAccountSpecificationAxis";"0";"0";"0";"0";"nl-types:string100000ItemType";"string100000";"xbrli:stringItemType";"String";"0";"";"";"";"";"";"1";"100000";"";"";"";"";"Duration";"None";0;0;"";"De naam van de bank.";"";"";"";"De naam van de bank.";"";"";""
51;"PrivateBankAccountsSpecification_nl-cd:PresentationOrder";6;"               Presentation order";"               Presentatievolgorde";"               Eingegebene Präsentation";"               Ordre de présentation";"";"PresentationOrder";"nl-cd";"PrivateBankAccountsSpecification_PresentationOrder";"PrivateBankAccountsSpecification_http://www.nltaxonomie.nl/nt12/sbr/20170515/dictionary/nl-common-data#PresentationOrder";"xbrli:item";2;0;0;"PrivateBankAccountsSpecification_frc-dim:PrivateBankAccountSpecificationAxis";"0";"0";"0";"0";"nl-types:nonNegativeDecimalItemType";"nonNegativeDecimal";"nl-types:decimal20ItemType";"Number";"0";"";"";"";"";"";"";"";"0";"";"";"";"Duration";"None";0;0;"The number that indicates the rendering order.";"Het nummer wat de presentatie volgorde aangeeft.";"";"";"";"";"";"";""
52;"frc-abstr:ImmovablePropertyLawTitle";2;"   Immovable property law [Title]";"   WOZ [Titel]";"   WOZ [Titel]";"   WOZ [Titel]";"";"ImmovablePropertyLawTitle";"frc-abstr";"ImmovablePropertyLawTitle";"https://www.sbrbanken.nl/bt12/frc/20171009.a/presentation/frc-abstracts#ImmovablePropertyLawTitle";"sbr:presentationItem";1;0;0;;"0";"0";"0";"0";"xbrli:stringItemType";"string";"xbrli:stringItemType";"Abstract";"0";;;;;;;;;;;;"Duration";"None";1;0;"";"";"";"";"";"";"";"";""
53;"frc-lr:NotesBanksLandAndBuildingsInvestmentPropertiesSpecification";3;"      Notes to the financial statements - Land and buildings, investment properties: specification";"      Toelichting op de jaarrekening - Bedrijfsgebouwen en -terreinen, vastgoedbeleggingen: specificatie";"      Toelichting op de jaarrekening - Bedrijfsgebouwen en -terreinen, vastgoedbeleggingen: specificatie";"      Toelichting op de jaarrekening - Bedrijfsgebouwen en -terreinen, vastgoedbeleggingen: specificatie";"";"NotesBanksLandAndBuildingsInvestmentPropertiesSpecification";"frc-lr";"NotesBanksLandAndBuildingsInvestmentPropertiesSpecification";"https://www.sbrbanken.nl/bt12/frc/20171009.a/dictionary/frc-linkroles#NotesBanksLandAndBuildingsInvestmentPropertiesSpecification";"";1;0;0;;"0";"0";"0";"0";"";"";"";"Abstract";"0";;;;;;;;;;;;"Other";"None";1;0;"";"";"";"";"";"";"";"";""
54;"NotesBanksLandAndBuildingsInvestmentPropertiesSpecification_frc-dim:LandAndBuildingsInvestmentPropertiesSpecificationAxis";4;"         Land and buildings, investment properties, specification [axis]";"         Bedrijfsgebouwen en -terreinen, vastgoedbeleggingen, specificatie [as]";"         Bedrijfsgebouwen en -terreinen, vastgoedbeleggingen, specificatie [as]";"         Bedrijfsgebouwen en -terreinen, vastgoedbeleggingen, specificatie [as]";"";"LandAndBuildingsInvestmentPropertiesSpecificationAxis";"frc-dim";"NotesBanksLandAndBuildingsInvestmentPropertiesSpecification_LandAndBuildingsInvestmentPropertiesSpecificationAxis";"NotesBanksLandAndBuildingsInvestmentPropertiesSpecification_https://www.sbrbanken.nl/bt12/frc/20171009.a/dictionary/frc-axes#LandAndBuildingsInvestmentPropertiesSpecificationAxis";"xbrldt:dimensionItem";1;1;0;;"0";"0";"0";"0";"xbrli:stringItemType";"string";"xbrli:stringItemType";"Abstract";"0";;;;;;;;;;;;"Duration";"None";1;0;"";"";"";"";"";"";"";"";""
55;"NotesBanksLandAndBuildingsInvestmentPropertiesSpecification_frc-dm:RegistryNumberRegisterBoundGoodTypedMember";5;"            Registry number register bound good [typed member]";"            Registernummer [typed member]";"            Registernummer [typed member]";"            Registernummer [typed member]";"";"RegistryNumberRegisterBoundGoodTypedMember";"frc-dm";"NotesBanksLandAndBuildingsInvestmentPropertiesSpecification_RegistryNumberRegisterBoundGoodTypedMember";"NotesBanksLandAndBuildingsInvestmentPropertiesSpecification_https://www.sbrbanken.nl/bt12/frc/20171009.a/dictionary/frc-domains#RegistryNumberRegisterBoundGoodTypedMember";"";2;0;1;"NotesBanksLandAndBuildingsInvestmentPropertiesSpecification_frc-dim:LandAndBuildingsInvestmentPropertiesSpecificationAxis";"0";"0";"0";"0";"nl-types:string255";"string255";"nl-types:string255";"String";"1";;;;;;;;;;;;"Other";"None";0;0;"";"";"";"";"";"";"";"";""
56;"NotesBanksLandAndBuildingsInvestmentPropertiesSpecification_frc-i:PurchaseValueRegisterBoundGood";5;"            Purchase value register bound good";"            Aanschafwaarde registergoed";"            Aanschafwaarde registergoed";"            Aanschafwaarde registergoed";"";"PurchaseValueRegisterBoundGood";"frc-i";"NotesBanksLandAndBuildingsInvestmentPropertiesSpecification_PurchaseValueRegisterBoundGood";"NotesBanksLandAndBuildingsInvestmentPropertiesSpecification_https://www.sbrbanken.nl/bt12/frc/20171009.a/dictionary/frc-data#PurchaseValueRegisterBoundGood";"xbrli:item";2;0;0;"NotesBanksLandAndBuildingsInvestmentPropertiesSpecification_frc-dim:LandAndBuildingsInvestmentPropertiesSpecificationAxis";"0";"0";"0";"0";"nl-types:monetaryNoDecimalsItemType";"monetaryNoDecimals";"nl-types:monetary20ItemType";"Monetary";"0";"";"";"0";"";"";"";"";"";"";"";"";"Instant";"Debit";0;0;"";"De ondergrens van de aanschafwaarde van het registergoed bedraagt €10.000,-. Indien de aanschafwaarde niet bekend is per kadastrale nummer, dient dit toegelicht te worden.";"";"";"";"De waarde waarvoor een registergoed is aangeschaft. Alleen registergoederen met een aanschafwaarde van €10.000,- of meer behoeven hier te worden ingevuld. Indien de aanschafwaarde niet bekend is per kadastrale nummer, dient dit toegelicht te worden.";"";"";""
57;"NotesBanksLandAndBuildingsInvestmentPropertiesSpecification_frc-i:PurchaseYearRegisterBoundGood";5;"            Purchase year register bound good";"            Aanschafjaar registergoed";"            Aanschafjaar registergoed";"            Aanschafjaar registergoed";"";"PurchaseYearRegisterBoundGood";"frc-i";"NotesBanksLandAndBuildingsInvestmentPropertiesSpecification_PurchaseYearRegisterBoundGood";"NotesBanksLandAndBuildingsInvestmentPropertiesSpecification_https://www.sbrbanken.nl/bt12/frc/20171009.a/dictionary/frc-data#PurchaseYearRegisterBoundGood";"xbrli:item";2;0;0;"NotesBanksLandAndBuildingsInvestmentPropertiesSpecification_frc-dim:LandAndBuildingsInvestmentPropertiesSpecificationAxis";"0";"0";"0";"0";"xbrli:integerItemType";"integer";"xbrli:integerItemType";"Number";"0";;;;;;;;;;;;"Instant";"None";0;0;"";"Het aanschafjaar van het registergoed.";"";"";"";"Het aanschafjaar van het registergoed.";"";"";""
58;"NotesBanksLandAndBuildingsInvestmentPropertiesSpecification_frc-i:BuildingIndicator";5;"            Building indicator Y/N";"            Gebouw (eventueel inclusief terrein) J/N";"            Gebouw (eventueel inclusief terrein) J/N";"            Gebouw (eventueel inclusief terrein) J/N";"";"BuildingIndicator";"frc-i";"NotesBanksLandAndBuildingsInvestmentPropertiesSpecification_BuildingIndicator";"NotesBanksLandAndBuildingsInvestmentPropertiesSpecification_https://www.sbrbanken.nl/bt12/frc/20171009.a/dictionary/frc-data#BuildingIndicator";"xbrli:item";2;0;0;"NotesBanksLandAndBuildingsInvestmentPropertiesSpecification_frc-dim:LandAndBuildingsInvestmentPropertiesSpecificationAxis";"0";"0";"0";"0";"nl-codes:yesNoItemType";"yesNo";"xbrli:stringItemType";"Enumeration";"0";"";"Ja|Nee";"";"";"";"";"";"";"";"";"";"Instant";"None";0;0;"";"Indicatie of het alhier gespecificeerde registergoed een gebouw is, indien gebouw (eventueel inclusief terrein) dan is de WOZ-waarde verplicht.";"";"";"";"Indicatie of het alhier gespecificeerde registergoed een gebouw is, indien gebouw (eventueel inclusief terrein) dan is de WOZ-waarde verplicht.";"";"";""
59;"NotesBanksLandAndBuildingsInvestmentPropertiesSpecification_frc-i:ValuePurposesValuationOfImmovablePropertyActRegisterBoundGood";5;"            Value purposes valuation of immovable property act register bound good";"            WOZ-waarde registergoed";"            WOZ-waarde registergoed";"            WOZ-waarde registergoed";"";"ValuePurposesValuationOfImmovablePropertyActRegisterBoundGood";"frc-i";"NotesBanksLandAndBuildingsInvestmentPropertiesSpecification_ValuePurposesValuationOfImmovablePropertyActRegisterBoundGood";"NotesBanksLandAndBuildingsInvestmentPropertiesSpecification_https://www.sbrbanken.nl/bt12/frc/20171009.a/dictionary/frc-data#ValuePurposesValuationOfImmovablePropertyActRegisterBoundGood";"xbrli:item";2;0;0;"NotesBanksLandAndBuildingsInvestmentPropertiesSpecification_frc-dim:LandAndBuildingsInvestmentPropertiesSpecificationAxis";"0";"0";"0";"0";"nl-types:monetaryNoDecimalsItemType";"monetaryNoDecimals";"nl-types:monetary20ItemType";"Monetary";"0";"";"";"0";"";"";"";"";"";"";"";"";"Instant";"Debit";0;0;"";"Waarde van het registergoed zoals het bij het register is geregistreerd. Indien WOZ waarde geen betrekking heeft op kadastrale nummer, dient dit toegelicht te worden. Indien het woonhuis niet tot het zakelijk vermogen gerekend wordt, moet dit worden toegelicht.";"";"";"";"De waarde van een onroerende zaak op de laatste peildatum zoals deze in het kader van de Wet Waardering Onroerende Zaken (WOZ) wordt bepaald (Artikel 18, lid 2 van de Wet WOZ).";"";"";""
60;"NotesBanksLandAndBuildingsInvestmentPropertiesSpecification_frc-i:DateOfAdoptionForValueOfImmovablePropertyActRegisterBoundGood";5;"            Date of adoption for value of immovable property act register bound good";"            Datum vaststelling WOZ-waarde registergoed";"            Datum vaststelling WOZ-waarde registergoed";"            Datum vaststelling WOZ-waarde registergoed";"";"DateOfAdoptionForValueOfImmovablePropertyActRegisterBoundGood";"frc-i";"NotesBanksLandAndBuildingsInvestmentPropertiesSpecification_DateOfAdoptionForValueOfImmovablePropertyActRegisterBoundGood";"NotesBanksLandAndBuildingsInvestmentPropertiesSpecification_https://www.sbrbanken.nl/bt12/frc/20171009.a/dictionary/frc-data#DateOfAdoptionForValueOfImmovablePropertyActRegisterBoundGood";"xbrli:item";2;0;0;"NotesBanksLandAndBuildingsInvestmentPropertiesSpecification_frc-dim:LandAndBuildingsInvestmentPropertiesSpecificationAxis";"0";"0";"0";"0";"xbrli:dateItemType";"date";"xbrli:dateItemType";"Date";"0";;;;;;;;;;;;"Instant";"None";0;0;"";"De datum waarop de WOZ-waarde van het registergoed is vastgesteld.";"";"";"";"De datum waarop de WOZ-waarde van het registergoed is vastgesteld.";"";"";""
61;"NotesBanksLandAndBuildingsInvestmentPropertiesSpecification_frc-i:BalanceSheetValueRegisterBoundGood";5;"            Balance sheet value register bound good";"            Boekwaarde registergoed";"            Boekwaarde registergoed";"            Boekwaarde registergoed";"";"BalanceSheetValueRegisterBoundGood";"frc-i";"NotesBanksLandAndBuildingsInvestmentPropertiesSpecification_BalanceSheetValueRegisterBoundGood";"NotesBanksLandAndBuildingsInvestmentPropertiesSpecification_https://www.sbrbanken.nl/bt12/frc/20171009.a/dictionary/frc-data#BalanceSheetValueRegisterBoundGood";"xbrli:item";2;0;0;"NotesBanksLandAndBuildingsInvestmentPropertiesSpecification_frc-dim:LandAndBuildingsInvestmentPropertiesSpecificationAxis";"0";"0";"0";"0";"nl-types:monetaryNoDecimalsItemType";"monetaryNoDecimals";"nl-types:monetary20ItemType";"Monetary";"0";"";"";"0";"";"";"";"";"";"";"";"";"Instant";"Debit";0;0;"";"Boekwaarde van het registergoed.";"";"";"";"De boekwaarde van een goed dat volgens de wet moet worden ingeschreven in de daarvoor bestemde openbare registers: grond, huizen, schepen, vliegtuigen. Door de inschrijving kan iedereen zien aan wie het toebehoort en of er een ander zakelijk recht(bijvoorbeeld een hypotheek) op rust (zie BW 3:10).";"";"";""
62;"NotesBanksLandAndBuildingsInvestmentPropertiesSpecification_frc-i:AmortisationMethodRegisterBoundGood";5;"            Amortisation method register bound good";"            Afschrijvingsmethode registergoed";"            Afschrijvingsmethode registergoed";"            Afschrijvingsmethode registergoed";"";"AmortisationMethodRegisterBoundGood";"frc-i";"NotesBanksLandAndBuildingsInvestmentPropertiesSpecification_AmortisationMethodRegisterBoundGood";"NotesBanksLandAndBuildingsInvestmentPropertiesSpecification_https://www.sbrbanken.nl/bt12/frc/20171009.a/dictionary/frc-data#AmortisationMethodRegisterBoundGood";"xbrli:item";2;0;0;"NotesBanksLandAndBuildingsInvestmentPropertiesSpecification_frc-dim:LandAndBuildingsInvestmentPropertiesSpecificationAxis";"0";"0";"0";"0";"xbrli:stringItemType";"string";"xbrli:stringItemType";"String";"0";;;;;;;;;;;;"Instant";"None";0;0;"";"Methode om de waardedaling van het registergoed tot uitdrukking te brengen.";"";"";"";"Methode om de waardedaling van het registergoed tot uitdrukking te brengen.";"";"";""
63;"frc-lr:NotesBanksLandAndBuildingsPropertyPlantAndEquipmentSpecification";3;"      Notes to the financial statements - Land and buildings, property, plant and equipment: specification";"      Toelichting op de jaarrekening - Bedrijfsgebouwen en -terreinen, materiele vaste activa: specificatie";"      Toelichting op de jaarrekening - Bedrijfsgebouwen en -terreinen, materiele vaste activa: specificatie";"      Toelichting op de jaarrekening - Bedrijfsgebouwen en -terreinen, materiele vaste activa: specificatie";"";"NotesBanksLandAndBuildingsPropertyPlantAndEquipmentSpecification";"frc-lr";"NotesBanksLandAndBuildingsPropertyPlantAndEquipmentSpecification";"https://www.sbrbanken.nl/bt12/frc/20171009.a/dictionary/frc-linkroles#NotesBanksLandAndBuildingsPropertyPlantAndEquipmentSpecification";"";1;0;0;;"0";"0";"0";"0";"";"";"";"Abstract";"0";;;;;;;;;;;;"Other";"None";1;0;"";"";"";"";"";"";"";"";""
64;"NotesBanksLandAndBuildingsPropertyPlantAndEquipmentSpecification_frc-dim:LandAndBuildingsSpecificationAxis";4;"         Land and buildings, specification [axis]";"         Bedrijfsgebouwen en -terreinen, specificatie [as]";"         Bedrijfsgebouwen en -terreinen, specificatie [as]";"         Bedrijfsgebouwen en -terreinen, specificatie [as]";"";"LandAndBuildingsSpecificationAxis";"frc-dim";"NotesBanksLandAndBuildingsPropertyPlantAndEquipmentSpecification_LandAndBuildingsSpecificationAxis";"NotesBanksLandAndBuildingsPropertyPlantAndEquipmentSpecification_https://www.sbrbanken.nl/bt12/frc/20171009.a/dictionary/frc-axes#LandAndBuildingsSpecificationAxis";"xbrldt:dimensionItem";1;1;0;;"0";"0";"0";"0";"xbrli:stringItemType";"string";"xbrli:stringItemType";"Abstract";"0";;;;;;;;;;;;"Duration";"None";1;0;"";"";"";"";"";"";"";"";""
65;"NotesBanksLandAndBuildingsPropertyPlantAndEquipmentSpecification_frc-dm:RegistryNumberRegisterBoundGoodTypedMember";5;"            Registry number register bound good [typed member]";"            Registernummer [typed member]";"            Registernummer [typed member]";"            Registernummer [typed member]";"";"RegistryNumberRegisterBoundGoodTypedMember";"frc-dm";"NotesBanksLandAndBuildingsPropertyPlantAndEquipmentSpecification_RegistryNumberRegisterBoundGoodTypedMember";"NotesBanksLandAndBuildingsPropertyPlantAndEquipmentSpecification_https://www.sbrbanken.nl/bt12/frc/20171009.a/dictionary/frc-domains#RegistryNumberRegisterBoundGoodTypedMember";"";2;0;1;"NotesBanksLandAndBuildingsPropertyPlantAndEquipmentSpecification_frc-dim:LandAndBuildingsSpecificationAxis";"0";"0";"0";"0";"nl-types:string255";"string255";"nl-types:string255";"String";"1";;;;;;;;;;;;"Other";"None";0;0;"";"";"";"";"";"";"";"";""
66;"NotesBanksLandAndBuildingsPropertyPlantAndEquipmentSpecification_frc-i:PurchaseValueRegisterBoundGood";5;"            Purchase value register bound good";"            Aanschafwaarde registergoed";"            Aanschafwaarde registergoed";"            Aanschafwaarde registergoed";"";"PurchaseValueRegisterBoundGood";"frc-i";"NotesBanksLandAndBuildingsPropertyPlantAndEquipmentSpecification_PurchaseValueRegisterBoundGood";"NotesBanksLandAndBuildingsPropertyPlantAndEquipmentSpecification_https://www.sbrbanken.nl/bt12/frc/20171009.a/dictionary/frc-data#PurchaseValueRegisterBoundGood";"xbrli:item";2;0;0;"NotesBanksLandAndBuildingsPropertyPlantAndEquipmentSpecification_frc-dim:LandAndBuildingsSpecificationAxis";"0";"0";"0";"0";"nl-types:monetaryNoDecimalsItemType";"monetaryNoDecimals";"nl-types:monetary20ItemType";"Monetary";"0";"";"";"0";"";"";"";"";"";"";"";"";"Instant";"Debit";0;0;"";"De ondergrens van de aanschafwaarde van het registergoed bedraagt €10.000,-. Indien de aanschafwaarde niet bekend is per kadastrale nummer, dient dit toegelicht te worden.";"";"";"";"De waarde waarvoor een registergoed is aangeschaft. Alleen registergoederen met een aanschafwaarde van €10.000,- of meer behoeven hier te worden ingevuld. Indien de aanschafwaarde niet bekend is per kadastrale nummer, dient dit toegelicht te worden.";"";"";""
67;"NotesBanksLandAndBuildingsPropertyPlantAndEquipmentSpecification_frc-i:PurchaseYearRegisterBoundGood";5;"            Purchase year register bound good";"            Aanschafjaar registergoed";"            Aanschafjaar registergoed";"            Aanschafjaar registergoed";"";"PurchaseYearRegisterBoundGood";"frc-i";"NotesBanksLandAndBuildingsPropertyPlantAndEquipmentSpecification_PurchaseYearRegisterBoundGood";"NotesBanksLandAndBuildingsPropertyPlantAndEquipmentSpecification_https://www.sbrbanken.nl/bt12/frc/20171009.a/dictionary/frc-data#PurchaseYearRegisterBoundGood";"xbrli:item";2;0;0;"NotesBanksLandAndBuildingsPropertyPlantAndEquipmentSpecification_frc-dim:LandAndBuildingsSpecificationAxis";"0";"0";"0";"0";"xbrli:integerItemType";"integer";"xbrli:integerItemType";"Number";"0";;;;;;;;;;;;"Instant";"None";0;0;"";"Het aanschafjaar van het registergoed.";"";"";"";"Het aanschafjaar van het registergoed.";"";"";""
68;"NotesBanksLandAndBuildingsPropertyPlantAndEquipmentSpecification_frc-i:BuildingIndicator";5;"            Building indicator Y/N";"            Gebouw (eventueel inclusief terrein) J/N";"            Gebouw (eventueel inclusief terrein) J/N";"            Gebouw (eventueel inclusief terrein) J/N";"";"BuildingIndicator";"frc-i";"NotesBanksLandAndBuildingsPropertyPlantAndEquipmentSpecification_BuildingIndicator";"NotesBanksLandAndBuildingsPropertyPlantAndEquipmentSpecification_https://www.sbrbanken.nl/bt12/frc/20171009.a/dictionary/frc-data#BuildingIndicator";"xbrli:item";2;0;0;"NotesBanksLandAndBuildingsPropertyPlantAndEquipmentSpecification_frc-dim:LandAndBuildingsSpecificationAxis";"0";"0";"0";"0";"nl-codes:yesNoItemType";"yesNo";"xbrli:stringItemType";"Enumeration";"0";"";"Ja|Nee";"";"";"";"";"";"";"";"";"";"Instant";"None";0;0;"";"Indicatie of het alhier gespecificeerde registergoed een gebouw is, indien gebouw (eventueel inclusief terrein) dan is de WOZ-waarde verplicht.";"";"";"";"Indicatie of het alhier gespecificeerde registergoed een gebouw is, indien gebouw (eventueel inclusief terrein) dan is de WOZ-waarde verplicht.";"";"";""
69;"NotesBanksLandAndBuildingsPropertyPlantAndEquipmentSpecification_frc-i:ValuePurposesValuationOfImmovablePropertyActRegisterBoundGood";5;"            Value purposes valuation of immovable property act register bound good";"            WOZ-waarde registergoed";"            WOZ-waarde registergoed";"            WOZ-waarde registergoed";"";"ValuePurposesValuationOfImmovablePropertyActRegisterBoundGood";"frc-i";"NotesBanksLandAndBuildingsPropertyPlantAndEquipmentSpecification_ValuePurposesValuationOfImmovablePropertyActRegisterBoundGood";"NotesBanksLandAndBuildingsPropertyPlantAndEquipmentSpecification_https://www.sbrbanken.nl/bt12/frc/20171009.a/dictionary/frc-data#ValuePurposesValuationOfImmovablePropertyActRegisterBoundGood";"xbrli:item";2;0;0;"NotesBanksLandAndBuildingsPropertyPlantAndEquipmentSpecification_frc-dim:LandAndBuildingsSpecificationAxis";"0";"0";"0";"0";"nl-types:monetaryNoDecimalsItemType";"monetaryNoDecimals";"nl-types:monetary20ItemType";"Monetary";"0";"";"";"0";"";"";"";"";"";"";"";"";"Instant";"Debit";0;0;"";"Waarde van het registergoed zoals het bij het register is geregistreerd. Indien WOZ waarde geen betrekking heeft op kadastrale nummer, dient dit toegelicht te worden. Indien het woonhuis niet tot het zakelijk vermogen gerekend wordt, moet dit worden toegelicht.";"";"";"";"De waarde van een onroerende zaak op de laatste peildatum zoals deze in het kader van de Wet Waardering Onroerende Zaken (WOZ) wordt bepaald (Artikel 18, lid 2 van de Wet WOZ).";"";"";""
70;"NotesBanksLandAndBuildingsPropertyPlantAndEquipmentSpecification_frc-i:DateOfAdoptionForValueOfImmovablePropertyActRegisterBoundGood";5;"            Date of adoption for value of immovable property act register bound good";"            Datum vaststelling WOZ-waarde registergoed";"            Datum vaststelling WOZ-waarde registergoed";"            Datum vaststelling WOZ-waarde registergoed";"";"DateOfAdoptionForValueOfImmovablePropertyActRegisterBoundGood";"frc-i";"NotesBanksLandAndBuildingsPropertyPlantAndEquipmentSpecification_DateOfAdoptionForValueOfImmovablePropertyActRegisterBoundGood";"NotesBanksLandAndBuildingsPropertyPlantAndEquipmentSpecification_https://www.sbrbanken.nl/bt12/frc/20171009.a/dictionary/frc-data#DateOfAdoptionForValueOfImmovablePropertyActRegisterBoundGood";"xbrli:item";2;0;0;"NotesBanksLandAndBuildingsPropertyPlantAndEquipmentSpecification_frc-dim:LandAndBuildingsSpecificationAxis";"0";"0";"0";"0";"xbrli:dateItemType";"date";"xbrli:dateItemType";"Date";"0";;;;;;;;;;;;"Instant";"None";0;0;"";"De datum waarop de WOZ-waarde van het registergoed is vastgesteld.";"";"";"";"De datum waarop de WOZ-waarde van het registergoed is vastgesteld.";"";"";""
71;"NotesBanksLandAndBuildingsPropertyPlantAndEquipmentSpecification_frc-i:BalanceSheetValueRegisterBoundGood";5;"            Balance sheet value register bound good";"            Boekwaarde registergoed";"            Boekwaarde registergoed";"            Boekwaarde registergoed";"";"BalanceSheetValueRegisterBoundGood";"frc-i";"NotesBanksLandAndBuildingsPropertyPlantAndEquipmentSpecification_BalanceSheetValueRegisterBoundGood";"NotesBanksLandAndBuildingsPropertyPlantAndEquipmentSpecification_https://www.sbrbanken.nl/bt12/frc/20171009.a/dictionary/frc-data#BalanceSheetValueRegisterBoundGood";"xbrli:item";2;0;0;"NotesBanksLandAndBuildingsPropertyPlantAndEquipmentSpecification_frc-dim:LandAndBuildingsSpecificationAxis";"0";"0";"0";"0";"nl-types:monetaryNoDecimalsItemType";"monetaryNoDecimals";"nl-types:monetary20ItemType";"Monetary";"0";"";"";"0";"";"";"";"";"";"";"";"";"Instant";"Debit";0;0;"";"Boekwaarde van het registergoed.";"";"";"";"De boekwaarde van een goed dat volgens de wet moet worden ingeschreven in de daarvoor bestemde openbare registers: grond, huizen, schepen, vliegtuigen. Door de inschrijving kan iedereen zien aan wie het toebehoort en of er een ander zakelijk recht(bijvoorbeeld een hypotheek) op rust (zie BW 3:10).";"";"";""
72;"NotesBanksLandAndBuildingsPropertyPlantAndEquipmentSpecification_frc-i:AmortisationMethodRegisterBoundGood";5;"            Amortisation method register bound good";"            Afschrijvingsmethode registergoed";"            Afschrijvingsmethode registergoed";"            Afschrijvingsmethode registergoed";"";"AmortisationMethodRegisterBoundGood";"frc-i";"NotesBanksLandAndBuildingsPropertyPlantAndEquipmentSpecification_AmortisationMethodRegisterBoundGood";"NotesBanksLandAndBuildingsPropertyPlantAndEquipmentSpecification_https://www.sbrbanken.nl/bt12/frc/20171009.a/dictionary/frc-data#AmortisationMethodRegisterBoundGood";"xbrli:item";2;0;0;"NotesBanksLandAndBuildingsPropertyPlantAndEquipmentSpecification_frc-dim:LandAndBuildingsSpecificationAxis";"0";"0";"0";"0";"xbrli:stringItemType";"string";"xbrli:stringItemType";"String";"0";;;;;;;;;;;;"Instant";"None";0;0;"";"Methode om de waardedaling van het registergoed tot uitdrukking te brengen.";"";"";"";"Methode om de waardedaling van het registergoed tot uitdrukking te brengen.";"";"";""
73;"frc-lr:NotesBanksLandAndBuildings";3;"      Notes to the financial statements - Land and buildings";"      Toelichting op de jaarrekening - Bedrijfsgebouwen en -terreinen";"      Toelichting op de jaarrekening - Bedrijfsgebouwen en -terreinen";"      Toelichting op de jaarrekening - Bedrijfsgebouwen en -terreinen";"";"NotesBanksLandAndBuildings";"frc-lr";"NotesBanksLandAndBuildings";"https://www.sbrbanken.nl/bt12/frc/20171009.a/dictionary/frc-linkroles#NotesBanksLandAndBuildings";"";1;0;0;;"0";"0";"0";"0";"";"";"";"Abstract";"0";;;;;;;;;;;;"Other";"None";1;0;"";"";"";"";"";"";"";"";""
74;"NotesBanksLandAndBuildings_frc-i:PurchaseValueRegisterBoundGoodDisclosure";4;"         Disclosure of purchase value register bound good";"         Informatieverschaffing over de aanschafwaarde registergoed";"         Informatieverschaffing over de aanschafwaarde registergoed";"         Informatieverschaffing over de aanschafwaarde registergoed";"";"PurchaseValueRegisterBoundGoodDisclosure";"frc-i";"NotesBanksLandAndBuildings_PurchaseValueRegisterBoundGoodDisclosure";"NotesBanksLandAndBuildings_https://www.sbrbanken.nl/bt12/frc/20171009.a/dictionary/frc-data#PurchaseValueRegisterBoundGoodDisclosure";"xbrli:item";1;0;0;;"0";"0";"0";"0";"nl-types:string100000ItemType";"string100000";"xbrli:stringItemType";"String";"0";"";"";"";"";"";"1";"100000";"";"";"";"";"Duration";"None";0;0;"";"Toelichting op de waarde waarvoor een registergoed is aangeschaft, indien de aanschafwaarde niet bekend is per kadastrale nummer. Alleen registergoederen met een aanschafwaarde van €10.000,- of meer behoeven hier te worden ingevuld.";"";"";"";"Toelichting op de waarde waarvoor een registergoed is aangeschaft, indien de aanschafwaarde niet bekend is per kadastrale nummer. Alleen registergoederen met een aanschafwaarde van €10.000,- of meer behoeven hier te worden ingevuld.";"";"";""
75;"NotesBanksLandAndBuildings_frc-i:ValuePurposesValuationOfImmovablePropertyActRegisterBoundGoodDisclosure";4;"         Disclosure of value purposes valuation of immovable property act register bound good";"         Informatieverschaffing over WOZ-waarde registergoed";"         Informatieverschaffing over WOZ-waarde registergoed";"         Informatieverschaffing over WOZ-waarde registergoed";"";"ValuePurposesValuationOfImmovablePropertyActRegisterBoundGoodDisclosure";"frc-i";"NotesBanksLandAndBuildings_ValuePurposesValuationOfImmovablePropertyActRegisterBoundGoodDisclosure";"NotesBanksLandAndBuildings_https://www.sbrbanken.nl/bt12/frc/20171009.a/dictionary/frc-data#ValuePurposesValuationOfImmovablePropertyActRegisterBoundGoodDisclosure";"xbrli:item";1;0;0;;"0";"0";"0";"0";"nl-types:string100000ItemType";"string100000";"xbrli:stringItemType";"String";"0";"";"";"";"";"";"1";"100000";"";"";"";"";"Duration";"None";0;0;"";"Toelichting op de waarde van het registergoed zoals het bij het register is geregistreerd indien WOZ waarde geen betrekking heeft op kadastrale nummer.";"";"";"";"Toelichting op de waarde van het registergoed zoals het bij het register is geregistreerd indien WOZ waarde geen betrekking heeft op kadastrale nummer.";"";"";""
