COMPONENT;KEY;EN;NL
DEF;City;City;Stad
DEF;Collaterals;Collaterals;Zekerheden
DEF;Country;Country;Land
DEF;Country code;Country code;Landcode
DEF;Define product details;Define product details;Definieer uw productgegevens
DEF;Discount (The value which cannot be used of the object);Discount (The value which cannot be used of the object);Totaalbedrag van deze eerdere inschrijvingen
DEF;Facility reference code;Facility reference code;Referentiecode faciliteit
DEF;Facility Roletype;Facility Roletype;Roltype faciliteit
DEF;Graceperiod;Graceperiod;Aantal maanden uitstel voor het eerste termijn
DEF;Interest periodicity;Interest periodicity;Periodiciteit van het renteproduct
DEF;Interest product reference code;Interest product reference code;Referentiecode van het renteproduct
DEF;Product request;Product request;Product­aanvraag
DEF;Product reference code;Product reference code;Referentiecode product
DEF;Product selection;Product selection;Productselectie
DEF;Product tenor ends at;Product tenor ends at;Uw financiering zal eindigen op
DEF;Rank of subscription;Rank of subscription;Hoeveel eerdere inschrijvingen zijn er op deze zekerheid?
DEF;Referencenumber of Counterparty as Borrower (CoC);Referencenumber of Counterparty as Borrower (CoC);Referentienummer van de financieringsaanvrager (KVK)
DEF;Referencenumber of Counterparty as Main Borrower (CoC);Referencenumber of Counterparty as Main Borrower (CoC);Referentienummer van de hoofd financieringsaanvrager (KVK)
DEF;Repayment periodicity;Repayment periodicity;Aflosfrequentie
DEF;Repayment type;Repayment type;Aflosvorm
DEF;Select a start date;Select a start date;Wanneer wilt u kunnen beschikken over de financiering?
DEF;Specify the amount you want to borrow;Specify the amount you want to borrow;Specificeer hoeveel u wilt lenen
DEF;Specify your desired tenor in months;Specify your desired tenor in months;Specificeer de looptijd in maanden
DEF;This object is already used as collateral for another loan?;Is this object already used as collateral for another loan?;Wordt de zekerheid al gebruikt als onderpand bij een andere lening?
DEF;Withdrawal type;Withdrawal type;Opnamevorm
DEF;Type request;Type request;Gevraagde financiering
DEF;Type organisation;Type organisation;Gegevens onderneming
DEF;COC number;COC number;KvK nummer
DEF;Starting organisation?;Starting organisation?;Startende onderneming?
DEF;Date of founding;Date of founding;Oprichtingsdatum
DEF;Sector of industry/SBI code;Sector of industry/SBI code;Sectorcode
DEF;Secondary sector of industry/SBI code;Secondary sector of industry/SBI code;Secundaire sectorcode
DEF;Number of FTE (last year);Number of FTE (last year);Aantal FTE laatste jaar
DEF;Founded under Dutch law?;Founded under Dutch law?;Opgericht onder Nederlands recht?
DEF;A minimum of 50% operational revenue realised in the Netherlands?;A minimum of 50% operational revenue realised in the Netherlands?;Is minimaal 50% van het operationele resultaat behaald in Nederland?
DEF;Business to Business market?;Business to Business market?;Actief in B2B
DEF;Business to Consumer market?;Business to Consumer market?;Actief in B2C
DEF;Products and/or services will be paid after delivery;Products and/or services will be paid after delivery;Producten en/of diensten worden na levering betaald
DEF;General data;General data;Algemene gegevens
DEF;Details applicant;Details applicant;Gegevens aanvrager
DEF;Initials;Initials;Initialen
DEF;Last name;Last name;Naam
DEF;Gender;Gender;Geslacht
DEF;Date of birth;Date of birth;Geboortedatum
DEF;Nationality;Nationality;Nationaliteit
DEF;Street name;Street name;Straat
DEF;Housenumber;Housenumber;Huisnummer
DEF;Housenumber addition;Housenumber addition;Huisnummer toevoeging
DEF;Zip code;Zip code;Postcode
DEF;Phone number;Phone number;Telefoonnummer
DEF;Email address;Email address;E-mail adres
DEF;Name organisation;Name organisation;Naam onderneming
DEF;Legal form;Legal form;Rechtsvorm
DEF;COC status;COC status;KvK status
DEF;Involved with bankruptcy?;Involved with bankruptcy?;Betrokken geweest bij een faillissement?
DEF;Website;Website;Website
DEF;Details intermediary;Details intermediary;Gegevens tussenpersoon
DEF;Please fill in the details of the applicant.;Please fill in the details of the applicant.;Voer de gegevens van de aanvrager in.
DEF;Please fill in the details of the intermediary.;Please fill in the details of the intermediary.;Voer de gegevens van de tussenpersoon in.
DEF;Please fill in the general information of the organisation which is applying for funding.;Please fill in the general information of the organisation which is applying for funding.;Voer de gegevens over de onderneming in waarop de financieringsaanvraag betrekking heeft.
DEF;Function;Function;Functie
DEF;Title;Title;Titel
DEF;Profile of the organisation;Profile of the organisation;Profiel van de onderneming
DEF;The organisation;The organisation;De onderneming
DEF;Mission, vision and strategy;Mission, vision and strategy;Missie, visie en strategie
DEF;History;History;Historie
DEF;Products and/or Services;Products and/or Services;Producten en/of diensten
DEF;Which products and/or services does the organisation deliver?;Which products and/or services does the organisation deliver?;Welke producten en/of diensten levert de onderneming?
DEF;Please give a description of the revenue model;Please give a description of the revenue model;Geef een omschrijving van het verdienmodel
DEF;What is the uniqueness of the products and/or services?;What is the uniqueness of the products and/or services?;Wat is de uniciteit van de producten en/of diensten?
DEF;Please give a description of the uniqueness;Please give a description of the uniqueness;Geef een omschrijving van de uniciteit
DEF;Market position;Market position;Marktpositie
DEF;In which market does the organisation operate?;In which market does the organisation operate?;In welke markt begeeft de onderneming zich?
DEF;Does the organisation serve a new market?;Does the organisation serve a new market?;Bedient de onderneming een nieuwe markt?
DEF;Please give a description of the expected market development;Please give a description of the expected market development;Geef een omschrijving van de verwachte marktontwikkeling
DEF;Competition;Competition;Concurrentie
DEF;How strong is the competitive positioning?;How strong is the competitive positioning?;Hoe sterk is de concurrentiepositie?
DEF;Please give a description of the competitive positioning;Please give a description of the competitive positioning;Geef een omschrijving van de concurrentiepositie
DEF;Sensitivity;Sensitivity;Marktgevoeligheid
DEF;Is the organisation sensitive to economic fluctuations?;Is the organisation sensitive to economic fluctuations?;Is de onderneming conjunctuurgevoelig?
DEF;Please give a description of the sensitivity to economic fluctuations;Please give a description of the sensitivity to economic fluctuations;Geef een omschrijving van de conjunctuurgevoeligheid
DEF;Suppliers and customers;Suppliers and customers;Leveranciers en klanten
DEF;How dependent is the organisation from their suppliers?;How dependent is the organisation from their suppliers?;Hoe afhankelijk is de onderneming van haar leveranciers?
DEF;Please give a description of the dependency of suppliers;Please give a description of the dependency of suppliers;Geef een omschrijving van de afhankelijkheid van deze leveranciers
DEF;How dependent is the organisation from their customers?;How dependent is the organisation from their customers?;Hoe afhankelijk is de onderneming van haar klanten?
DEF;Please give a description of the dependency of customers;Please give a description of the dependency of customers;Geef een omschrijving van de afhankelijkheid van deze klanten
DEF;SWOT Analyse;SWOT Analyse;SWOT Analyse
DEF;Strengths;Strengths;Sterkten
DEF;Weaknesses;Weaknesses;Zwakten
DEF;Opportunities;Opportunities;Kansen
DEF;Threats;Threats;Bedreigingen
DEF;Risk profile;Risk profile;Risico profiel
DEF;Please give a description of the organisation's risk profile;Please give a description of the organisation's risk profile;Geef een omschrijving van het risico profiel
DEF;Organisation structure;Organisation structure;Organisatie structuur
DEF;Please give a description of the legal structure;Please give a description of the legal structure;Geef een omschrijving van de juridische structuur
DEF;Please give a description of the stakeholders;Please give a description of the stakeholders;Geef een omschrijving van de aandeelhouders
DEF;Employees;Employees;Personeel
DEF;How many FTE employees does the organisation have?;How many FTE employees does the organisation have?;Geef het aantal FTE op
DEF;Please give a description of the age structure of the employees;Please give a description of the age structure of the employees;Geef een omschrijving van de leeftijdsopbouw van het personeel
DEF;Please give a description of the level of education of the employees;Please give a description of the level of education of the employees;Geef een omschrijving van het opleidingsniveau van het personeel
DEF;Management;Management;Management
DEF;Please give a description of the composition of the management;Please give a description of the composition of the management;Geef een omschrijving van de samenstelling van het management
DEF;Please give a description of the quality of the management;Please give a description of the quality of the management;Geef een omschrijving van de kwaliteit van het management
DEF;Please give a description how the management is supported;Please give a description how the management is supported;Geef een omschrijving van hoe het management wordt ondersteund.
DEF;Please give a description of the member(s) of the board;Please give a description of the member(s) of the board;Geef een omschrijving van de bestuurder(s) van de onderneming
DEF;Board member;Board member;Bestuurder
DEF;Number of years of service;Number of years of service;Aantal jaren in dienst
DEF;Education;Education;Educatie
DEF;Track record;Track record;Ervaring
DEF;Sustainability;Sustainability;Duurzaamheid
DEF;Please give a description of the sustainability in the organisation;Please give a description of the sustainability in the organisation;Geef een omschrijving van de duurzaamheid binnen de onderneming
DEF;Financing need;Financing need;Financierings­behoefte
DEF;Financing target(s);Financing target(s);Wat wilt u financieren?
DEF;Total investment;Total investment;Wat is de totale investering?
DEF;Total financing need;Total financing need;Totale financieringsbehoefte
DEF;Financing part using own resources;Financing part using own resources;Hoeveel daarvan vult u in met eigen middelen?
DEF;Financing part using third parties;Financing part using third parties;In te vullen met financiering bij derden
DEF;Financing request;Financing request;Gevraagde financiering
DEF;Product details;Product details;Gevraagd financieringsproduct
DEF;Product;Product;Product
DEF;Description;Description;Toelichting
DEF;Existing loans;Existing loans;Bestaande leningen
DEF;Existing loan;Existing loan;Bestaande lening
DEF;Please give a description of the existing loan;Please give a description of the existing loan;Geef een omschrijving van de bestaande lening
DEF;Funding organisation;Funding organisation;Verstrekker
DEF;Amount;Amount;Bedrag
DEF;Date of closing;Date of closing;Afsluitdatum
DEF;Duration in months;Duration in months;Looptijd in maanden
DEF;Rate of interest;Rate of interest;Rentepercentage
DEF;Financial position;Financial position;Financiële positie
DEF;Income Statement;Income Statement;Winst- en verliesrekening
DEF;Specification accounts receivables;Specification accounts receivables;Specificaties debiteuren
DEF;Total count of accounts receivables;Total count of accounts receivables in last period;Totaalsaldo debiteuren laatste periode
DEF;Average of accounts receivables (per debtor);Average of accounts receivables (per debtor);Gemiddeld debiteurensaldo (per debiteur)
DEF;Accounts reveivable of the biggest debtors;Accounts reveivable of the biggest debtors;Saldo en naam van de grootste debiteuren
DEF;Are the accounts receivables insured?;Are the accounts receivables insured?;Zijn de debiteuren verzekerd?
DEF;New collateral;New collateral;Nieuwe zekerheid
DEF;Select a collateral;Select a collateral;Selecteer een zekerheid
DEF;Specify the collateral type;Specify the collateral type;Geef een omschrijving van het type zekerheid
DEF;CountryCode;CountryCode;Landcode
DEF;Market value;Market value;Marktwaarde
DEF;Source market value (valuation/ financial statements/WOZ);Source market value (valuation/ financial statements/WOZ);Bron marktwaarde (taxatie / jaarrekening / WOZ)
DEF;Valuer;Valuer;Taxateur
DEF;Valuer reference number;Valuer reference number;Referentienummer taxateur
DEF;Guarantee value;Guarantee value;Garantiewaarde
DEF;Construction date;Construction date;Bouwdatum
DEF;Registration amount;Registration amount;Bedrag van inschrijving
DEF;In this stage of the financing application you will give some insights and basic information of the organisation.;In this stage of the financing application you will give some insights and basic information of the organisation.;In dit onderdeel van de financieringsaanvraag geeft u informatie over basisgegevens van de onderneming.
DEF;In this stage of the financing application you will give information about the applicant, the organisation which is applying for funding and yourself.;In this stage of the financing application you will give information about the applicant, the organisation which is applying for funding and yourself.;In dit onderdeel van de financeringsaanvraag geeft u informatie over de aanvrager, de onderneming en de tussenpersoon.
DEF;In this stage of the financing application you will give insight of the organisation. You will focus on the nature of the undertaking business, the mission, vision, strategy, the products and services of the organisation and which markets the organisation serves. You will also give insights of the organisational structure, opportunities, threats, strengths and weaknesses of the organisation.;In this stage of the financing application you will give insight of the organisation. You will focus on the nature of the undertaking business, the mission, vision, strategy, the products and services of the organisation and which markets the organisation serves. You will also give insights of the organisational structure, opportunities, threats, strengths and weaknesses of the organisation.;In dit onderdeel van de financieringsaanvraag geeft u inzicht in de onderneming. U gaat hierbij in op de aard van de onderneming, de missie en strategie, de producten en diensten die zij levert en welke markten er worden bediend. Daarnaast geeft u inzicht in de organisatiestructuur, kansen, bedreigingen en sterke en zwakke punten van de onderneming.
DEF;Inventory and machines;Inventory and machines;Inventaris en machines
DEF;Stock;Stock;Voorraad
DEF;Transport equipment;Transport equipment;Transportmiddelen
DEF;Real estate;Real estate;Onroerend goed
DEF;Corporate takeover;Corporate takeover;Bedrijfsovername
DEF;Research and development;Research and development;Innovatie en ontwikkeling
DEF;Growth and expansion;Growth and expansion;Groei en uitbreiding
DEF;Debtors;Debtors;Debiteuren
DEF;Refinancing;Refinancing;Herfinanciering
DEF;Financial;Financieel;Financiële gegevens
DEF;Funding options;Funding options;Financierings­opties
DEF;Details of the organisation;Details of the organisation;Gegevens van de onderneming
DEF;Details used for Fyndoo;Details used for Fyndoo;Gegevens benodigd voor Fyndoo
DEF;Investment and financing plan;Investment and financing plan;Investerings- en financieringsplan
DEF;1:Research and development|2:Growth and expansion|3:International Expansion|4:Debtors|5:Stock|6:Inventory and machines|7:Transport|8:Real estate for own use|9:Commercial real estate|10:Start-up|11:Corporate takeover|12:Refinancing|13:Goodwill;1:Research and development|2:Growth and expansion|3:International Expansion|4:Debtors|5:Stock|6:Inventory and machines|7:Transport|8:Real estate for own use|9:Commercial real estate|10:Start-up|11:Corporate takeover|12:Refinancing|13:Goodwill;1:Onderzoek en ontwikkeling|2:Groei en uitbreiding|3:Internationalisering|4:Debiteuren|5:Voorraad|6:Inventaris en machines|7:Transportmiddelen|8:Bedrijfspand eigen onderneming|9:Vastgoed voor verhuur|10:Starten onderneming|11:Bedrijfsovername|12:Herfinanciering|13:Goodwill
DEF;0:No|1:Yes;0:No|1:Yes;0:Nee|1:Ja
DEF;0:Inactive|1:Active;0:Inactive|1:Active;0:Inactief|1:Actief
DEF;Monthly;Monthly;Maandelijks
DEF;OneTime;OneTime;Eenmalig
DEF;1:OneTimeRepayment|2:Linear|3:Annuity|4:Manual;1:OneTimeRepayment|2:Linear|3:Annuity|4:Manual;1:Eenmalige terugbetaling|2:Lineair|3:Annuïtair|4:Handmatige aflosschema
DEF;Documents;Documents;Documenten
DEF;0:High|1:Average|2:Low;0:High|1:Average|2:Low;0:Hoog|1:Gemiddeld|2:Laag
DEF;0:Strong|1:Average|2:Weak;0:Strong|1:Average|2:Weak;0:Sterk|1:Gemiddeld|2:Zwak
DEF;0:Dependent|1:Reasonable|2:Barely|3:Not dependent;0:Dependent|1:Reasonable dependent|2:Barely dependent|3:Not dependent;0:Afhankelijk|1:Redelijk afhankelijk|2:Nauwelijks afhankelijk|3:Niet afhankelijk
DEF;1:Borrower|2:UnilateralLiable;1:Borrower|2:UnilateralLiable;1:Kredietnemer|2:Eenzijdig aansprakelijk
DEF;fixed assets;fixed assets;vaste activa
DEF;investments in;investments in;investeringen in
DEF;other;other;overige
DEF;loans to subsidiaries;loans to subsidiaries;U.G. deelnemingen
DEF;loans to affiliated companies;loans to affiliated companies;U.G. gelieerde partijen
DEF;mutation;mutation;mutatie
DEF;mutation in;mutation in;mutatie in
DEF;mutations in;mutations in;mutaties in
DEF;repayments on;repayments on;aflossing
DEF;accounts payable investments;accounts payable investments;investeringscrediteuren
DEF;divestment receivables;divestment receivables;desinvesteringen
DEF;acquired goodwill;acquired goodwill;aangekochte goodwill
DEF;net working capital (incl. operational cash);net working capital (incl. operational cash);werkkapitaal (incl. op. liqmid.)
DEF;trade payables;trade payables;handelscrediteuren
DEF;accounts payable;accounts payable;kostencrediteuren
DEF;trade receivables;trade receivables;handelsdebiteuren
DEF;operational cash;operational cash;operationele liquiditeiten
DEF;total investments;total investments;totaal investeringen
DEF;payments to shareholders;payments to shareholders;betalingen aan eigen vermogenverschaffers
DEF;profit paid out to claimants;profit paid out to claimants;winstuitkering
DEF;personal drawdown of partners;personal drawdown of partners;onttrekkingen partners
DEF;adjustments in foreign exchange and currencies;adjustments in foreign exchange and currencies;wisselkoersverschillen
DEF;changes outside result;changes outside result;mutaties buiten resultaat
DEF;category;category;categorie
DEF;mutation dividend payable;mutation dividend payable;te betalen dividend
DEF;payments to debt holders;payments to debt holders;betalingen aan vreemdvermogenverschaffers
DEF;net financial expenses;net financial expenses;netto rentelasten
DEF;total cash expenses;total cash expenses;totaal cash uitgaven
DEF;cashflow from exploitation;cashflow from exploitation;financiering met interne cashflow
DEF;net operating profit;net operating profit;netto bedrijfsresultaat
DEF;provision for retirement expenses partners;provision for retirement expenses partners;voorziening oudedagsreserve
DEF;fictitious expenses;fictitious expenses;fictieve kosten
DEF;fictitious tax on profits;fictitious tax on profits;fictieve winstbelasting
DEF;cashflow from operational activities;cashflow from operational activities;cashflow uit operationele activiteiten
DEF;net extraordinary expenses;net extraordinary expenses;netto buitengewone lasten
DEF;marketable securities;marketable securities;effecten
DEF;choices|legal|form;Naamloze vennootschap|Besloten vennootschap|Coöperatie|Stichting|Vereniging|Eenmanszaak|VOF;Naamloze vennootschap|Besloten vennootschap|Coöperatie|Stichting|Vereniging|Eenmanszaak|VOF
DEF;0:Male|1:Female;0:Male|1:Female;0:Man|1:Vrouw
DEF;Explanation;Explanation;Toelichting
DEF;0:Guarantee|1:Registry property|2:Non registry property;0:Guarantee|1:Registry property|2:Non registry property;0:Garantie|1:Registergoed|2:Niet registergoed
DEF;0:Family house|1:Family house with garage|2:Flat / Apartment|3:Flat / Apartment with garage|4:Store-house|5:House with commercial space|6:Shop|7:Office|8:Holiday Home|9:Farm|10:Business collateral|11:Agricultural land / plot|12:Garage|13:Building site|14:Houseboat|99:Other;0:Family house|1:Family house with garage|2:Flat / Apartment|3:Flat / Apartment with garage|4:Store-house|5:House with commercial space|6:Shop|7:Office|8:Holiday Home|9:Farm|10:Business collateral|11:Agricultural land / plot|12:Garage|13:Building site|14:Houseboat|99:Other;0:Eengezinswoning|1:Eengezinswoning met garage|2:Flat / Appartement|3:Flat / Appartement met garage|4:Winkel met woonhuis|5:Woning met bedrijfsruimte|6:Winkel|7:Bedrijfspand|8:Recreatiewoning|9:Boerderij|10:Zakelijk onderpand|11:Agrarische bouwgrond|12:Garage|13:Bouwkavel|14:Woonschip|99:Anders
DEF;0:Other|528:Netherlands;0:Other|528:The Netherlands;0:Overig|528:Nederland
DEF;0:Other|528:Dutch;0:Other|528:Dutch;0:Overig|528:Nederlandse
DEF;LandRegistry;Land Registry;Kadastrale gegevens
DEF;Unit;Unit;Eenheid
DEF;Size;Size;Afmetingen
DEF;Section;Section;Sectie
DEF;Part number;Part number;Deelnummer
DEF;Municipality;Municipality;Kadastrale gemeente
DEF;Collateral provider;Collateral provider;Verstrekker van de zekerheid
DEF;Source market value;Source market value;Bron van de marktwaarde
DEF;Source market value hint;Example: valuation, financial statements, propery tax;Voorbeeld: Taxatie, Boekwaarde, of WOZ
DEF;Calculation;Verification;Controle berekening
DEF;COC;Chamber of commerce excerpt;KvK-uittreksel
DEF;OrgChart;Organization chart;Organigram
DEF;Signatures;Signatures;Handtekeningenkaart
DEF;http://www.fyndoo.com/wp-content/uploads/2016/07/Signatures.pdf Download the template from www.fyndoo.com;http://www.fyndoo.com/wp-content/uploads/2016/07/Signatures.pdf Download the template from www.fyndoo.com;http://www.fyndoo.com/wp-content/uploads/2016/07/Signatures.pdf U kunt een sjabloon downloaden van www.fyndoo.com
DEF;http://www.fyndoo.com/wp-content/uploads/2016/07/UBODeclaration.pdf Download the template from www.fyndoo.com;http://www.fyndoo.com/wp-content/uploads/2016/07/UBODeclaration.pdf Download the template from www.fyndoo.com;http://www.fyndoo.com/wp-content/uploads/2016/07/UBODeclaration.pdf U kunt een sjabloon downloaden van www.fyndoo.com
DEF;Passport;Passport;Kopie paspoort
DEF;ShareRegister;Shareholders registry;Aandeelhoudersregister
DEF;AnnualStatement;Annual statement;Jaarverslag
DEF;MemorandumOfAssociation;Memorandum of association;Akte van oprichting
DEF;GeneralTermsAndConditions;General terms and conditions;Algemene voorwaarden
DEF;BankAccounts;Bank statements;Kopie bankafschrift
DEF;UBODeclaration;UBO declaration;UBO verklaring
DEF;AdditionalCertification;Additional certification;Bijkomende verklaringen
DEF;CertificateOfGoodConduct;Certificate of good conduct;Verklaring Omtrent Gedrag
DEF;GAccount;G Account (when applicable);G-rekening (indien van toepassing)
DEF;InvoiceExample;Invoice example;Voorbeeldfactuur
DEF;Logo;Logo;Logo
DEF;RealEstatePurchaseAgreement;Real estate purchase agreement;Koopovereenkomst vastgoed
DEF;RealEstateRentalAgreement;Real estate rental agreement;Verhuurovereenkomst(en) vastgoed
DEF;0:m2|1:ha;0:m2|1:ha;0:m2|1:ha
DEF;Specification Lease;Specification Lease;Specificatie Lease
DEF;Financing requirement;Financing requirement;Benodigde financiering
DEF;Specification Lease object;Specification Lease object;Specificatie Lease object
DEF;Lease object;Lease object;Lease object
DEF;Description of the lease object;Description of the lease object;Geef een omschrijving van het lease object
DEF;Marketability of the property;Marketability of the property;Hoe courant is het object?
DEF;Duration in months;Duration in months;Looptijd in maanden
DEF;Depreciation object per month;Depreciation object per month;Afschrijving van het object per maand
DEF;Final instalment;Final instalment;Slottermijn
DEF;Deposit;Deposit;Aanbetaling
DEF;0:Low|1:Average|2:High;0:Low|1:Average|2:High;0:Laag|1:Gemiddeld|2:Hoog
DEF;Specification commercial real estate;Specification commercial real estate;Specificatie commercieel vastgoed
DEF;Specification property;Specification property;Specificatie van het object
DEF;Existing or new property?;Existing or new property?;Betreft het een bestaand of nieuw object?
DEF;Description of the property;Description of the property;Geef een omschrijving van het object
DEF;WOZ value of the property;WOZ value of the property;Wat is de WOZ-waarde van het object?
DEF;Amount of the rental income per year;Amount of the rental income per year;Wat zijn de huuropbrengsten per jaar?
DEF;Number of rental contracts;Number of rental contracts;Wat is het aantal huurcontracten?
DEF;Amount of maintenance costs per year;Amount of maintenance costs per year;Wat zijn de onderhoudskosten per jaar?
DEF;0:New|1:Existing;0:New|1:Existing;0:Nieuw|1:Bestaand
DEF;Total number of accounts receivables;Total number of accounts receivables;Totaal aantal debiteuren
DEF;Financials;Financials;Financiële gegevens
DEF;Turnover in the last 12 months;Turnover in the last 12 months;Omzet laatste 12 maanden
DEF;EBIT in the last 12 months;EBIT in the last 12 months;EBIT laatste 12 maanden
DEF;Number of accounts recievables;Number of accounts recievables;Aantal debiteuren
DEF;Share of foreign debtors in percentages;Share of foreign debtors in percentages;Aandeel buitenlandse debiteuren in procenten
DEF;Average amount of accounts receivables;Average amount of accounts receivables;Gemiddelde debiteurenstand
DEF;Average value per invoice;Average value per invoice;Gemiddelde waarde per factuur
DEF;Maximum advances of invoices in percentages;Maximum advances of invoices in percentages;Hoeveel procent bevoorschotting wenst u te ontvangen?
DEF;Maximum advances in days;Maximum advances in days;Maximale bevoorschotting in dagen
DEF;Was there a positive cash flow the last two years?;Was there a positive cash flow the last two years?;Was er een positieve cashflow in de laatste twee jaren?
DEF;Is there an existing pledge with recourse?;Is there an existing pledge with recourse?;Is er sprake van een bestaande verpanding met recourse?
DEF;Are there intercompany transactions?;Are there intercompany transactions?;Zijn er intercompany transacties?
DEF;Product request;Product request;Productaanvraag
DEF;Debtor;Debtor;Debiteur
DEF;Board member(s);Board member(s);Bestuurder(s)
DEF;Total investment;Total investment;Totale investering
DEF;Product type;Product type;Product type
DEF;Please fill in the 10 biggest debtors and the amount.;Please fill in the 10 biggest debtors and the amount.;Vul hier de naam en het bedrag in van de 10 grootste debiteuren.
DEF;Debtor;Debtor;Debiteur
DEF;Name debtor;Name debtor;Naam debiteur
DEF;Marketability of lease object;Marketability of lease object;Hoe courant is het lease-object?
DEF;excess cash last year;excess cash last year;saldo liquide middelen vorig jaar
DEF;capital shortfall last year;capital shortfall last year;vermogensbehoefte vorig jaar
DEF;financing plan;financing plan;financieringsplan
DEF;equity finance;equity finance;financiering met eigen vermogen
DEF;contribution of equity;contribution of equity;storting van kapitaal
DEF;bookvalue equity sold;bookvalue equity sold;boekwaarde verkochte aandelen
DEF;minority interests;minority interests;aandeel van derden
DEF;revaluation reserve;revaluation reserve;herwaarderingsreserve
DEF;debt finance;debt finance;financiering met vreemd vermogen
DEF;current account;current account;rekening courant
DEF;finance deficit;Finance deficit;Financieringstekort
DEF;investment plan;Investment plan;Investeringsplan
DEF;balance sheet;balance sheet;balans
DEF;FAMassets;assets;activa
DEF;immaterial fixed assets;immaterial fixed assets;immateriële vaste activa
DEF;FAMgoodwill;goodwill;goodwill
DEF;patents, trademarks and other rights;patents, trademarks and other rights;patenten, handelsmerken en andere rechten
DEF;material fixed assets;material fixed assets;materiële vaste activa
DEF;land and buildings;land and buildings;bedrijfsgebouwen en terreinen
DEF;plant and equipment;plant and equipment;machines en installaties
DEF;furniture and fixtures;furniture and fixtures;inventaris
DEF;transportation equipment;transportation equipment;voertuigen
DEF;financial fixed assets;financial fixed assets;financiële vaste activa
DEF;investments in subsidiaries;investments in subsidiaries;deelnemingen
DEF;subsidiaries;subsidiaries;deelnemingen
DEF;securities;securities;effecten
DEF;inventories;inventories;voorraden
DEF;projects in progress;projects in progress;onderhanden projecten
DEF;merchandise inventory;merchandise inventory;voorraad handelsgoederen
DEF;provision obsolete inventories;provision obsolete inventories;voorziening incourante voorraden
DEF;materials inventory;materials inventory;materiaal en grondstoffen
DEF;work in progress;work in progress;onderhanden werk
DEF;correction work in progress;correction work in progress;vooruitbetaald op onderhanden werk
DEF;finished products inventory;finished products inventory;voorraad gereed product
DEF;receivables;receivables;vorderingen
DEF;provision doubtful account receivable;provision doubtful account receivable;voorziening debiteuren
DEF;accounts receivable;accounts receivable;debiteuren
DEF;current account management;Current account management;R/C management/directie
DEF;receivables group companies;Receivables group companies;R/C groepsmaatschappijen
DEF;receivables affiliated companies;Receivables affiliated companies;R/C gelieerde partijen
DEF;tax on profits receivable;tax on profits receivable;te vorderen winstbelasting
DEF;VAT Receivable;VAT Receivable;te vorderen omzetbelasting
DEF;cost of sales advance payments;cost of sales advance payments;vooruitbetaald op inkopen
DEF;expenses advance payments;expenses advance payments;vooruitbetaalde kosten
DEF;divestments receivables;divestments receivables;nog te ontvangen wegens desinvesteringen
DEF;accrued product sales;accrued product sales;nog te factureren omzet
DEF;transitional assets;transitional assets;overlopende activa
DEF;cash and equivalents;cash and equivalents;liquide middelen
DEF;excess cash;excess cash;vrij besteedbare liquiditeiten
DEF;total assets;total assets;totaal activa
DEF;equity and liabilities;equity and liabilities;passiva
DEF;net worth;net worth;eigen vermogen
DEF;capital partners;capital partners;kapitaal partners
DEF;undistributed profit;undistributed profit;onverdeelde winst
DEF;shared capital;shared capital;gestort en geplaatst kapitaal
DEF;preference shares;preference shares;preferente aandelen
DEF;ordinary shares;ordinary shares;gestort en geplaatst kapitaal
DEF;treasury shares;treasury shares;ingekochte aandelen
DEF;share premium;share premium;agioreserve
DEF;statutory reserve;statutory reserve;wettelijke reserve
DEF;reserved profit;reserved profit;winstreserve
DEF;reserve;reserve;reserve
DEF;result of the current year;result of the current year;resultaat huidig boekjaar
DEF;provisions;provisions;voorzieningen
DEF;pension provisions;pension provisions;pensioenvoorziening
DEF;standing right;standing right;stamrecht
DEF;deferred taxes;deferred taxes;latente belastingverplichting
DEF;reorganisation provisions;reorganisation provisions;reorganisatievoorziening
DEF;non current liabilities;non current liabilities;langlopende schulden aan kredietinstellingen
DEF;long term debts;long term debts;langlopende schulden aan kredietinstellingen
DEF;long term debt;long term debt;langlopende schuld aan kredietinstelling
DEF;other long term debts;other long term debts;overige langlopende schulden
DEF;other long term debt;other long term debt;overige langlopende schuld
DEF;subordinated debts;subordinated debts;achtergestelde schulden
DEF;subordinated debt;subordinated debt;achtergestelde schuld
DEF;other long term debts annuity;other long term debts annuity;overige langlopende schulden (annuïteit)
DEF;other long term debt annuity;other long term debt annuity;overige langlopende schuld (annuïteit)
DEF;current liabilities;current liabilities;kortlopende schulden
DEF;short term part of long term debts;short term part of long term debts;aflossingen komend jaar
DEF;overdraft current account;overdraft current account;rekening courant (bank)
DEF;short term debt;short term debt;rentedragende schulden
DEF;expenses payables;expenses payables;kostencrediteuren
DEF;investments payables;investments payables;investeringscrediteuren
DEF;dividend payable;dividend payable;te betalen dividend
DEF;current account group companies;current account group companies;R/C groepsmaatschappijen
DEF;current account affiliated companies;current account affiliated companies;R/C gelieerde partijen
DEF;received prepayments;received prepayments;ontvangen vooruitbetalingen
DEF;taxes and social security charges;taxes and social security charges;belastingen en premies
DEF;pension expenses payable;pension expenses payable;te betalen pensioenlasten
DEF;interest and repayments payable;interest and repayments payable;te betalen rente en aflossingen
DEF;transitional liabilities;transitional liabilities;overlopende passiva
DEF;capital shortfall;capital shortfall;vermogensbehoefte
DEF;total equity and liabilities;total equity and liabilities;totaal passiva
DEF;profit and loss account;profit and loss account;resultatenrekening
DEF;net sales;Net sales;netto omzet
DEF;change in inventories;change in inventories;voorraadmutaties
DEF;cost of sales;cost of sales;inkoopwaarde
DEF;trade cost of sales;trade cost of sales;inkoopwaarde
DEF;cost of materials;cost of materials;materiaal en grondstoffen
DEF;purchase discounts and bonuses;purchase discounts and bonuses;inkoopkortingen en bonussen
DEF;carriage and forwarding charges;carriage and forwarding charges;vracht- en verzendkosten
DEF;other cost of sales;other cost of sales;overige direkte inkoopkosten
DEF;contracted out purchase;contracted out purchase;kosten uitbesteed werk
DEF;other operating income;other operating income;overige bedrijfsopbrengsten
DEF;operating expenses;Operating expenses;Operationele kosten
DEF;contracted out;contracted out;kosten uitbesteed werk
DEF;personnel expenses;personnel expenses;personeelskosten
DEF;production expenses;production expenses;exploitatiekosten
DEF;furniture and fixture expenses;furniture and fixture expenses;inventariskosten
DEF;office expenses;office expenses;huisvestingskosten
DEF;transportation expenses;transportation expenses;autokosten
DEF;selling expenses;selling expenses;verkoopkosten
DEF;monitoring and control expenses;monitoring and control expenses;algemene kosten
DEF;other operating expenses;other operating expenses;overige kosten
DEF;depreciation of assets;depreciation of assets;afschrijvingen
DEF;depreciation of;depreciation of;afschrijving op
DEF;operating income;operating income;bedrijfsresultaat
DEF;financial result;financial result;financiële baten en lasten
DEF;financial income;financial income;financiële baten
DEF;financial expenses;financial expenses;financiële lasten
DEF;ordinary profit before taxes;ordinary profit before taxes;gewoon resultaat voor belasting
DEF;extraordinary income and expenses;extraordinary income and expenses;buitengewone baten en lasten
DEF;extraordinary income;extraordinary income;buitengewone baten
DEF;extraordinary expenses;extraordinary expenses;buitengewone lasten
DEF;taxes on extraordinary income and expenses;taxes on extraordinary income and expenses;belasting buitengewoon resultaat
DEF;tax on profits;tax on profits;winstbelasting
DEF;share result from subsidiaries;share result from subsidiaries;aandeel resultaat deelnemingen
DEF;share result minority interest;share result minority interest;aandeel van derden in resultaat
DEF;profit after tax;profit after tax;resultaat
DEF;Download and/or send;Download and/or send;Downloaden en/of Verzenden
DEF;Send credit application;Send credit application;Verzenden kredietaanvraag
DEF;FRBReport-ScaleLabelFAM;All amounts in;Alle bedragen in
DEF;social security premiums payable;social security premiums payable;te betalen sociale lasten
DEF;unspecified  gross profit;unspecified  gross profit;ongespecificeerde brutomarge
scorecard;Loan;Loan;Lening
scorecard;CreditFacility;Credit facility;Rekening Courant
scorecard;Lease;Lease;Lease
scorecard;Factoring;Factoring;Factoring
scorecard;MortgageLoan;MortgageLoan;Hypothecair krediet
scorecard;EquityFinance;EquityFinance;Aandelenparticipatie
DEF;1:Research and development|2:Growth and expansion|3:International Expansion|4:Debtors|5:Stock|6:Inventory and machines|7:Transport|8:Real estate for own use|9:Commercial real estate |10:Start-up|11:Corporate takeover|12:Refinancing|13:Goodwill;1:Research and development|2:Growth and expansion|3:International Expansion|4:Debtors|5:Stock|6:Inventory and machines|7:Transport|8:Real estate for own use|9:Commercial real estate |10:Start-up|11:Corporate takeover|12:Refinancing|13:Goodwill;1:Onderzoek en ontwikkeling|2:Groei en uitbreiding|3:Internationalisering|4:Debiteuren|5:Voorraad|6:Inventaris en machines|7:Transportmiddelen|8:Bedrijfspand voor eigen gebruik|9:Vastgoed voor verhuur |10:Starten onderneming|11:Bedrijfsovername|12:Herfinanciering|13:Goodwill
DEF;Sale and lease back;Sale and lease back;Verkoop en terugleasen
DEF;Leasing to a third party?;Leasing to a third party?;Doorverhuur
DEF;Foreign Licence;Foreign Licence;Buitenlandse kenteken registratie
DEF;Foreign Legal Entity;Foreign Legal Entity;Buitenlandse rechtsvorm
DEF;Entity 'Under Construction';Entity 'Under Construction';Rechtsvorm 'In oprichting'
DEF;Stationed in a foreign country;Stationed in a foreign country;In buitenland gevestigd
DEF;Object is stationary in a foreign country;Object is stationary in a foreign country;Locatie object buitenland
DEF;Download and/or send your application;Download and/or send your application;Download en/of verstuur uw financieringsaanvraag
DEF;Download your application;Download your application;Download uw financieringsaanvraag
DEF;Productname;Product name;Productnaam
DEF;Name of financier;Financier;Financier
DEF;Product description;Description;Omschrijving
DEF;Producttype;Type;Type
DEF;Specification Equity Finance;Specification Equity Finance;Specificatie aandelenparticipatie
DEF;Percentages of shares to sell for compensation;Percentages of shares to sell for compensation;Aandelenpercentage te verkopen als tegenprestatie
DEF;Are there new shares issued?;Are there new shares issued?;Worden er nieuwe aandelen uitgegeven?
DEF;Number of newly issued shares of the company;Number of newly issued shares of the company;Aantal nieuw uit te geven aandelen
DEF;Please give a description of the dividend policy;Please give a description of the dividend policy;Geef een omschrijving van het dividendbeleid van de onderneming
DEF;Please give a description of the exit strategies;Please give a description of the exit strategies;Geef een omschrijving van de mogelijke exitstrategieën
DEF;Shares;Shared capital;Aandelenkapitaal
DEF;Operational;Operational;Operationeel
DEF;Transport, inventory and machines;Transport, inventory and machines;Transport, inventaris en machines
DEF;Accounts receivables;Accounts receivables;Debiteuren
DEF;List of debtors;List of debtors;Debiteurenlijst
DEF;Agreements with debtors(when available);Agreements with debtors(when available);Debiteurenovereenkomsten (indien beschikbaar)
DEF;Order, proof of delivery, CMR-document or timesheet;Order, proof of delivery, CMR-document or timesheet;Order, afleverbewijs, urenbriefje of CMR document horende bij de Voorbeeld factuur (indien aanwezig)
DEF;Are the accounts receivables already pledged?;Are the accounts receivables already pledged?;Zijn de debiteuren al eerder verpand?
DEF;Unspecified gross profit;Unspecified gross profit;Ongespecificeerde brutowinst
DEF;Is there revenue coming through card transactions or via webshop;Is there revenue coming through card transactions or via webshop;Komt er omzet binnen middels pintransacties of via een webshop?
DEF;List of creditors;List of creditors;Crediteurenlijst
DEF;Revenue by card transactions or webshop;Revenue by card transactions or webshop;Bewijs van PIN/WEB omzet laatste 6 of 12 maanden
DEF;Proof of rental payment;Proof of rental payment;Bewijs van zakelijke huurbetaling (indien huur)
DEF;Proof of Dutch residence owner;Proof of Dutch residence owner;Bewijs van vaste woonplaats eigenaar/aandeelhouder
DEF;I.E. copy of the payment of the utity bills;I.E. copy of the payment of the utity bills;Bijvoorbeeld bewijs van betaling gas/water/licht 
DEF;Statement payment behavior;Statement payment behavior;Verklaring betalingsgedrag keten- en inlenersaansprakelijkheid(WKA)
DEF;MT 940 bankfile last 12 months;MT 940 bankfile last 12 months;MT 940 bankafschrift van de laatste 12 maanden
DEF;VAT declaration last 4 quarters;VAT declaration last 4 quarters;BTW aangifte laatste 4 kwartalen
DEF;FRBReport-FAMTitle;Credit application;Financieringsaanvraag
DEF;Signatories of the organisation;Signatories of the organisation;Tekenbevoegden van de organisatie
DEF;Please give a description of the signatories of the organisation;Please give a description of the signatories of the organisation;Geef een beschrijving van de tekenbevoegden van de organisatie
DEF;Signatory;Signatory;Tekenbevoegde
DEF;Initials;Initials;Initialen
DEF;Name;Name;Naam
DEF;Prefix ;Prefix ;Tussenvoegsel
DEF;Surname;Surname;Voornaam
DEF;Date of birth;Date of birth;Geboortedatum
DEF;Email;Email;Email
DEF;Signatory has partner;Signatory has partner;Tekenbevoegde heeft een partner
DEF;Initials partner;Initials partner;Initialen partner
DEF;Name partner;Name partner;Naam partner
DEF;Prefix partner;Prefix partner;Tussenvoegsel partner
DEF;Surname partner;Surname partner;Voornaam partner
DEF;Date of birth partner;Date of birth partner;Geboortedatum partner
DEF;Email partner;Email partner;Email partner
DEF;Organisation ownership;Organisation ownership;Eigendom van de organisatie
DEF;Please give a description of organisation ownership;Please give a description of organisation ownership;Geef een beschrijving van de eigendomsstructuur van de organisatie
DEF;Owner;Owner;Eigenaar
DEF;Person or organisation;Person or organisation;Persoon of organisatie
DEF;Ownership percentage;Ownership percentage;Eigendomspercentage
DEF;Organisation subsidiaries;Organisation subsidiaries;Dochterondernemingen van de organisatie
DEF;Please give a description of the subsidiaries of the organisation;Please give a description of the subsidiaries of the organisation;
DEF;Subsidiary;Subsidiary;Dochteronderneming 
DEF;Name;Name;Naam
DEF;Ownership percentage;Ownership percentage;Perentage in eigendom
DEF;Pledged security;Pledged security;Verpande zekerheid
DEF;Second AnnualStatement (optional);Second AnnualStatement (optional);Tweede jaarverslag (optioneel)
DEF;Others (optional);Others (optional);Overige (optioneel)
DEF;Select scenario;Select scenario;Selecteer scenario
DEF;Total amount;Total amount;Contractuele obligo
DEF;Amount due;Amount due;Resterend obligo
DEF;Remaining term;Remaining term;Resterende looptijd
DEF;Photo of entrepreneur or company;Photo of entrepreneur or company;Foto van ondernemer of bedrijf
DEF;Photo of financinggoal;Photo of financing goal;Foto van het financieringsdoel
DEF;Crowdfunding;Crowdfunding;Crowdfunding
DEF;Why entrepreneur;Why does the entrepreneur want his own business?;Waarom wil de ondernemer voor zichzelf beginnen?
DEF;Why crowdfunding;Why does the entrepreneur want to start a crowdfunding campaign?;Waarom wil de ondernemer financieren via crowdfunding?
DEF;How to repay crowdfunding;How will the entrepreneur repay the loan? How is the entrepreneur able to meet the payment obligation?;Hoe denkt de ondernemer gedurende of aan het eind van de looptijd de lening af te lossen? Hoe is de ondernemer in staat om aan de betalingsverplichting te voldoen?
DEF;Video crowdfunding campaign;Presentation (link to video);Presentatie (link naar video)